compound_id,compound_group,window,selected_method,selected_measured_rt_min,top1_hit,top3_hit,feasible,excess_distance_min
1,63590c74120e85ecd05c0c08,2-5,M06,1.4,False,False,False,0.27
1,63590c74120e85ecd05c0c08,5-10,M16,1.25,False,False,False,0.41999999999999993
1,63590c74120e85ecd05c0c08,10-20,M16,1.25,False,False,False,0.41999999999999993
1,63590c74120e85ecd05c0c08,20-40,M16,1.25,False,False,False,0.4200000000000017
2,73c4545b8949e668c76a03b2,2-5,M08,1.05,False,False,True,0.95
2,73c4545b8949e668c76a03b2,5-10,M16,1.43,False,False,False,0.7400000000000002
2,73c4545b8949e668c76a03b2,10-20,M16,1.43,False,False,False,0.7400000000000002
2,73c4545b8949e668c76a03b2,20-40,M16,1.43,False,False,False,0.740000000000002
3,c7bcada0b8e888971aefc4c3,2-5,M28,0.77,False,False,False,1.2
3,c7bcada0b8e888971aefc4c3,5-10,M16,1.43,False,False,False,0.54
3,c7bcada0b8e888971aefc4c3,10-20,M16,1.43,False,False,False,0.5400000000000009
3,c7bcada0b8e888971aefc4c3,20-40,M16,1.43,False,False,False,0.5399999999999991
4,91876cd96b4863b74f62ede1,2-5,M06,7.07,False,False,True,2.0700000000000003
4,91876cd96b4863b74f62ede1,5-10,M16,15.77,False,True,True,5.77
4,91876cd96b4863b74f62ede1,10-20,M16,15.77,True,True,True,0.0
4,91876cd96b4863b74f62ede1,20-40,M16,15.77,False,False,False,0.0
5,f388de2f1532bd2d15000e9e,2-5,M28,0.96,False,True,True,1.04
5,f388de2f1532bd2d15000e9e,5-10,M15,2.59,False,False,False,0.0
5,f388de2f1532bd2d15000e9e,10-20,M16,2.03,False,False,False,0.5600000000000005
5,f388de2f1532bd2d15000e9e,20-40,M16,2.03,False,False,False,0.5599999999999987
6,903e67b4c2f9750d37336ae2,2-5,M25,1.52,False,True,True,0.48
6,903e67b4c2f9750d37336ae2,5-10,M25,1.52,False,False,False,0.9700000000000002
6,903e67b4c2f9750d37336ae2,10-20,M25,1.52,False,False,False,0.9700000000000006
6,903e67b4c2f9750d37336ae2,20-40,M25,1.52,False,False,False,0.9700000000000024
8,d8974ef08904a88379044d8b,2-5,M17,5.37,False,False,False,0.0
8,d8974ef08904a88379044d8b,5-10,M20,7.91,True,True,True,0.0
8,d8974ef08904a88379044d8b,10-20,M14,12.63,True,True,True,0.0
8,d8974ef08904a88379044d8b,20-40,M16,32.21,True,True,True,0.0
12,f924f42d31e9b2b1918efd30,2-5,M21,4.37,True,True,True,0.0
12,f924f42d31e9b2b1918efd30,5-10,M12,3.21,False,False,True,1.79
12,f924f42d31e9b2b1918efd30,10-20,M16,5.09,False,False,False,1.2999999999999998
12,f924f42d31e9b2b1918efd30,20-40,M16,5.09,False,False,False,1.3000000000000007
13,cf7268b4f8767d681615d5ad,2-5,M22,1.21,False,False,False,0.47
13,cf7268b4f8767d681615d5ad,5-10,M16,1.25,False,False,False,0.4299999999999997
13,cf7268b4f8767d681615d5ad,10-20,M16,1.25,False,False,False,0.4299999999999997
13,cf7268b4f8767d681615d5ad,20-40,M16,1.25,False,False,False,0.4299999999999997
14,37db2b79f652ee6c5f897d99,2-5,M19,4.44,True,True,True,0.0
14,37db2b79f652ee6c5f897d99,5-10,M13,6.56,True,True,True,0.0
14,37db2b79f652ee6c5f897d99,10-20,M16,8.32,False,False,False,0.0
14,37db2b79f652ee6c5f897d99,20-40,M16,8.32,False,False,False,0.0
15,dc48fc379a6c61beca713ed3,2-5,M03,2.14,True,True,True,0.0
15,dc48fc379a6c61beca713ed3,5-10,M16,2.24,False,False,True,2.76
15,dc48fc379a6c61beca713ed3,10-20,M16,2.24,False,False,False,3.1799999999999997
15,dc48fc379a6c61beca713ed3,20-40,M16,2.24,False,False,False,3.179999999999998
16,6983229a0e0fe5fb5d401dcc,2-5,M14,7.63,False,True,True,2.63
16,6983229a0e0fe5fb5d401dcc,5-10,M16,17.04,False,False,True,7.039999999999999
16,6983229a0e0fe5fb5d401dcc,10-20,M16,17.04,True,True,True,0.0
16,6983229a0e0fe5fb5d401dcc,20-40,M16,17.04,False,False,False,0.0
17,e23aae84b93938a0352fa862,2-5,M14,3.78,True,True,True,0.0
17,e23aae84b93938a0352fa862,5-10,M16,7.32,True,True,True,0.0
17,e23aae84b93938a0352fa862,10-20,M16,7.32,False,False,False,0.0
17,e23aae84b93938a0352fa862,20-40,M16,7.32,False,False,False,0.0
18,b4fed703cda493a4827fa37b,2-5,M17,5.12,False,False,False,0.0
18,b4fed703cda493a4827fa37b,5-10,M19,5.56,True,True,True,0.0
18,b4fed703cda493a4827fa37b,10-20,M24,11.21,True,True,True,0.0
18,b4fed703cda493a4827fa37b,20-40,M16,32.02,True,True,True,0.0
19,ac149acd23b05351f726234b,2-5,M19,3.79,True,True,True,0.0
19,ac149acd23b05351f726234b,5-10,M10,4.01,False,True,True,0.9900000000000002
19,ac149acd23b05351f726234b,10-20,M16,4.61,False,False,False,1.4499999999999993
19,ac149acd23b05351f726234b,20-40,M16,4.61,False,False,False,1.4499999999999993
20,2e969e332007bc99ca627155,2-5,M13,1.27,False,False,True,0.73
20,2e969e332007bc99ca627155,5-10,M16,1.25,False,True,True,3.75
20,2e969e332007bc99ca627155,10-20,M16,1.25,False,False,False,4.63
20,2e969e332007bc99ca627155,20-40,M16,1.25,False,False,False,4.629999999999999
21,f3235c534d97f6bc0f007674,2-5,M17,7.33,False,False,False,0.0
21,f3235c534d97f6bc0f007674,5-10,M19,8.69,True,True,True,0.0
21,f3235c534d97f6bc0f007674,10-20,M22,19.09,True,True,True,0.0
21,f3235c534d97f6bc0f007674,20-40,M16,53.73,False,True,True,13.729999999999997
23,8742336b8c952dfbe6485e45,2-5,M17,6.41,False,False,False,0.0
23,8742336b8c952dfbe6485e45,5-10,M30,8.75,True,True,True,0.0
23,8742336b8c952dfbe6485e45,10-20,M12,21.59,False,False,True,1.5899999999999999
23,8742336b8c952dfbe6485e45,20-40,M16,46.65,False,True,True,6.649999999999999
25,a36f54566b3e72a686c53426,2-5,M25,3.54,True,True,True,0.0
25,a36f54566b3e72a686c53426,5-10,M16,1.25,False,False,False,3.7300000000000004
25,a36f54566b3e72a686c53426,10-20,M16,1.25,False,False,False,3.7300000000000004
25,a36f54566b3e72a686c53426,20-40,M16,1.25,False,False,False,3.7300000000000004
26,27c58396e87680d42d13063f,2-5,M17,3.25,True,True,True,0.0
26,27c58396e87680d42d13063f,5-10,M21,4.48,False,True,True,0.5199999999999996
26,27c58396e87680d42d13063f,10-20,M08,11.64,True,True,True,0.0
26,27c58396e87680d42d13063f,20-40,M16,27.4,True,True,True,0.0
28,8efe873c7ea952bb6b580341,2-5,M19,5.31,False,False,True,0.3099999999999996
28,8efe873c7ea952bb6b580341,5-10,M15,13.56,False,False,True,3.5600000000000005
28,8efe873c7ea952bb6b580341,10-20,M16,25.79,False,True,True,5.789999999999999
28,8efe873c7ea952bb6b580341,20-40,M16,25.79,True,True,True,0.0
29,e863ae07267316f831b4c0a3,2-5,M17,5.63,False,False,False,0.0
29,e863ae07267316f831b4c0a3,5-10,M19,6.5,True,True,True,0.0
29,e863ae07267316f831b4c0a3,10-20,M08,13.78,True,True,True,0.0
29,e863ae07267316f831b4c0a3,20-40,M16,38.9,True,True,True,0.0
31,87bd4c8586b4b78f83e43895,2-5,M17,3.87,True,True,True,0.0
31,87bd4c8586b4b78f83e43895,5-10,M06,7.11,True,True,True,0.0
31,87bd4c8586b4b78f83e43895,10-20,M15,6.17,False,False,True,3.83
31,87bd4c8586b4b78f83e43895,20-40,M16,12.51,False,False,False,0.0
32,1db51764879da07a9a804f89,2-5,M17,1.72,False,True,True,0.28
32,1db51764879da07a9a804f89,5-10,M08,3.05,False,True,True,1.9500000000000002
32,1db51764879da07a9a804f89,10-20,M16,5.02,False,False,False,1.9600000000000009
32,1db51764879da07a9a804f89,20-40,M16,5.02,False,False,False,1.9600000000000009
33,267de3c8ac980a5b10b9c703,2-5,M12,1.33,False,True,True,0.6699999999999999
33,267de3c8ac980a5b10b9c703,5-10,M16,1.91,False,False,False,2.01
33,267de3c8ac980a5b10b9c703,10-20,M16,1.91,False,False,False,2.01
33,267de3c8ac980a5b10b9c703,20-40,M16,1.91,False,False,False,2.0100000000000016
34,3577ec1a80f55e1baa422693,2-5,M17,5.56,False,False,False,0.0
34,3577ec1a80f55e1baa422693,5-10,M26,10.8,False,True,True,0.8000000000000007
34,3577ec1a80f55e1baa422693,10-20,M13,17.66,True,True,True,0.0
34,3577ec1a80f55e1baa422693,20-40,M16,37.06,True,True,True,0.0
35,81b5b6388a6be51a7a64d27f,2-5,M17,8.28,False,False,False,0.09999999999999964
35,81b5b6388a6be51a7a64d27f,5-10,M17,8.28,True,True,True,0.0
35,81b5b6388a6be51a7a64d27f,10-20,M28,17.06,True,True,True,0.0
35,81b5b6388a6be51a7a64d27f,20-40,M15,31.95,True,True,True,0.0
37,7e22cb18273d1125b6e9f516,2-5,M28,1.66,False,True,True,0.3400000000000001
37,7e22cb18273d1125b6e9f516,5-10,M12,3.48,False,True,True,1.52
37,7e22cb18273d1125b6e9f516,10-20,M16,5.64,False,False,False,0.10000000000000053
37,7e22cb18273d1125b6e9f516,20-40,M16,5.64,False,False,False,0.09999999999999964
39,32b4a6a7cbc6bc4e42d3e216,2-5,M17,5.66,False,False,False,0.0
39,32b4a6a7cbc6bc4e42d3e216,5-10,M30,7.67,True,True,True,0.0
39,32b4a6a7cbc6bc4e42d3e216,10-20,M14,13.98,True,True,True,0.0
39,32b4a6a7cbc6bc4e42d3e216,20-40,M16,37.17,True,True,True,0.0
40,be488e74b9d5fd8fc60a7d96,2-5,M17,3.29,True,True,True,0.0
40,be488e74b9d5fd8fc60a7d96,5-10,M30,5.24,True,True,True,0.0
40,be488e74b9d5fd8fc60a7d96,10-20,M15,9.8,False,False,True,0.1999999999999993
40,be488e74b9d5fd8fc60a7d96,20-40,M16,16.73,False,False,False,0.0
42,f1ade222212d6fb05f2db5bc,2-5,M17,4.17,True,True,True,0.0
42,f1ade222212d6fb05f2db5bc,5-10,M30,5.95,True,True,True,0.0
42,f1ade222212d6fb05f2db5bc,10-20,M12,12.56,True,True,True,0.0
42,f1ade222212d6fb05f2db5bc,20-40,M16,24.3,True,True,True,0.0
43,7f4d6eb0a9092987a5326f08,2-5,M17,6.94,False,False,False,0.040000000000000036
43,7f4d6eb0a9092987a5326f08,5-10,M19,7.2,True,True,True,0.0
43,7f4d6eb0a9092987a5326f08,10-20,M29,15.58,True,True,True,0.0
43,7f4d6eb0a9092987a5326f08,20-40,M15,23.9,True,True,True,0.0
47,56fa096b85beceab80fd1c4e,2-5,M17,6.99,False,False,False,0.0
47,56fa096b85beceab80fd1c4e,5-10,M02,9.54,True,True,True,0.0
47,56fa096b85beceab80fd1c4e,10-20,M14,20.46,False,True,True,0.46000000000000085
47,56fa096b85beceab80fd1c4e,20-40,M16,51.76,False,True,True,11.759999999999998
48,abc7a286c25bfc8ab683f22c,2-5,M17,4.52,True,True,True,0.0
48,abc7a286c25bfc8ab683f22c,5-10,M25,10.28,False,True,True,0.27999999999999936
48,abc7a286c25bfc8ab683f22c,10-20,M15,14.12,True,True,True,0.0
48,abc7a286c25bfc8ab683f22c,20-40,M16,19.18,False,False,False,0.0
49,dddb83856cd5a1813573467f,2-5,M17,5.62,False,False,False,0.0
49,dddb83856cd5a1813573467f,5-10,M26,10.36,False,False,True,0.35999999999999943
49,dddb83856cd5a1813573467f,10-20,M15,18.5,True,True,True,0.0
49,dddb83856cd5a1813573467f,20-40,M16,41.29,False,False,False,0.4399999999999977
51,8462267483bc8dc0c5eb0740,2-5,M17,6.01,False,False,False,0.009999999999999787
51,8462267483bc8dc0c5eb0740,5-10,M01,6.49,True,True,True,0.0
51,8462267483bc8dc0c5eb0740,10-20,M23,11.27,True,True,True,0.0
51,8462267483bc8dc0c5eb0740,20-40,M15,19.84,False,True,True,0.16000000000000014
53,de76339ba27df16100871511,2-5,M01,3.38,True,True,True,0.0
53,de76339ba27df16100871511,5-10,M09,2.9,False,True,True,2.1
53,de76339ba27df16100871511,10-20,M16,6.85,False,False,False,0.0
53,de76339ba27df16100871511,20-40,M16,6.85,False,False,False,0.0
54,1fbd74bab3e102b26979a15d,2-5,M17,6.73,False,False,False,0.7400000000000002
54,1fbd74bab3e102b26979a15d,5-10,M20,10.45,False,True,True,0.4499999999999993
54,1fbd74bab3e102b26979a15d,10-20,M15,23.49,False,False,True,3.4899999999999984
54,1fbd74bab3e102b26979a15d,20-40,M16,50.35,False,True,True,10.350000000000001
55,d9401cbf16b2cebc83fd68dc,2-5,M17,5.47,False,False,False,0.2999999999999998
55,d9401cbf16b2cebc83fd68dc,5-10,M23,12.29,False,True,True,2.289999999999999
55,d9401cbf16b2cebc83fd68dc,10-20,M15,13.5,True,True,True,0.0
55,d9401cbf16b2cebc83fd68dc,20-40,M16,25.91,True,True,True,0.0
57,7b782a00d24f8ce3c9b9fbce,2-5,M17,7.57,False,False,False,0.010000000000000675
57,7b782a00d24f8ce3c9b9fbce,5-10,M17,7.57,True,True,True,0.0
57,7b782a00d24f8ce3c9b9fbce,10-20,M07,14.66,True,True,True,0.0
57,7b782a00d24f8ce3c9b9fbce,20-40,M15,27.74,True,True,True,0.0
58,4b6408684e7ec1b4fb4f8f15,2-5,M17,3.39,True,True,True,0.0
58,4b6408684e7ec1b4fb4f8f15,5-10,M20,6.25,True,True,True,0.0
58,4b6408684e7ec1b4fb4f8f15,10-20,M15,10.46,True,True,True,0.0
58,4b6408684e7ec1b4fb4f8f15,20-40,M16,17.83,False,False,False,0.0
60,6a754101c77952c9f22727f1,2-5,M17,5.17,False,False,False,0.0
60,6a754101c77952c9f22727f1,5-10,M01,5.95,True,True,True,0.0
60,6a754101c77952c9f22727f1,10-20,M09,11.72,True,True,True,0.0
60,6a754101c77952c9f22727f1,20-40,M15,16.22,False,False,True,3.780000000000001
61,b727aabe5a35f85d668e9b3f,2-5,M17,4.05,True,True,True,0.0
61,b727aabe5a35f85d668e9b3f,5-10,M25,10.51,False,True,True,0.5099999999999998
61,b727aabe5a35f85d668e9b3f,10-20,M12,13.23,True,True,True,0.0
61,b727aabe5a35f85d668e9b3f,20-40,M16,25.09,True,True,True,0.0
63,35a15bff1177570ab88c7499,2-5,M17,4.43,True,True,True,0.0
63,35a15bff1177570ab88c7499,5-10,M06,7.66,True,True,True,0.0
63,35a15bff1177570ab88c7499,10-20,M15,13.73,True,True,True,0.0
63,35a15bff1177570ab88c7499,20-40,M16,19.75,False,False,False,0.0
65,d03f670f1f126e5f040b4224,2-5,M17,4.47,True,True,True,0.0
65,d03f670f1f126e5f040b4224,5-10,M20,7.15,True,True,True,0.0
65,d03f670f1f126e5f040b4224,10-20,M14,11.02,True,True,True,0.0
65,d03f670f1f126e5f040b4224,20-40,M16,28.23,True,True,True,0.0
66,6337f9636fede46bcc35391b,2-5,M01,3.99,True,True,True,0.0
66,6337f9636fede46bcc35391b,5-10,M09,3.35,False,True,True,1.65
66,6337f9636fede46bcc35391b,10-20,M16,7.3,False,False,False,0.10000000000000053
66,6337f9636fede46bcc35391b,20-40,M16,7.3,False,False,False,0.09999999999999964
67,9699e16c8071621d55aa20c2,2-5,M17,5.72,False,False,False,0.02999999999999936
67,9699e16c8071621d55aa20c2,5-10,M03,7.83,True,True,True,0.0
67,9699e16c8071621d55aa20c2,10-20,M15,18.21,True,True,True,0.0
67,9699e16c8071621d55aa20c2,20-40,M16,39.6,True,True,True,0.0
68,37927413d1b2c33fd4f48fe4,2-5,M17,3.57,True,True,True,0.0
68,37927413d1b2c33fd4f48fe4,5-10,M09,7.94,True,True,True,0.0
68,37927413d1b2c33fd4f48fe4,10-20,M15,10.91,True,True,True,0.0
68,37927413d1b2c33fd4f48fe4,20-40,M16,19.24,False,False,False,0.0
69,80a0d3bab064158ae690ad6a,2-5,M17,7.72,False,False,False,0.02999999999999936
69,80a0d3bab064158ae690ad6a,5-10,M17,7.72,True,True,True,0.0
69,80a0d3bab064158ae690ad6a,10-20,M28,15.75,True,True,True,0.0
69,80a0d3bab064158ae690ad6a,20-40,M15,29.32,True,True,True,0.0
70,6edd2232ed1ec668311aa339,2-5,M17,2.3,True,True,True,0.0
70,6edd2232ed1ec668311aa339,5-10,M25,6.67,True,True,True,0.0
70,6edd2232ed1ec668311aa339,10-20,M15,6.99,False,False,False,1.879999999999999
70,6edd2232ed1ec668311aa339,20-40,M16,8.87,False,False,False,0.0
71,577bf2cb81f94acf50f2db0f,2-5,M17,5.22,False,False,False,0.0
71,577bf2cb81f94acf50f2db0f,5-10,M18,7.13,True,True,True,0.0
71,577bf2cb81f94acf50f2db0f,10-20,M15,16.47,True,True,True,0.0
71,577bf2cb81f94acf50f2db0f,20-40,M16,34.83,True,True,True,0.0
72,199be8c56e73e5eb81a7e6f0,2-5,M17,8.15,False,False,False,0.1900000000000004
72,199be8c56e73e5eb81a7e6f0,5-10,M17,8.15,True,True,True,0.0
72,199be8c56e73e5eb81a7e6f0,10-20,M25,15.22,True,True,True,0.0
72,199be8c56e73e5eb81a7e6f0,20-40,M15,31.43,True,True,True,0.0
73,e7d3343ab01cc92f9746bd90,2-5,M17,6.73,False,False,False,0.5500000000000007
73,e7d3343ab01cc92f9746bd90,5-10,M26,12.02,False,True,True,2.0199999999999996
73,e7d3343ab01cc92f9746bd90,10-20,M15,22.98,False,False,True,2.9800000000000004
73,e7d3343ab01cc92f9746bd90,20-40,M16,49.87,False,True,True,9.869999999999997
74,685253186b7c8d8473d65ffa,2-5,M17,6.27,False,False,False,0.0
74,685253186b7c8d8473d65ffa,5-10,M19,7.34,True,True,True,0.0
74,685253186b7c8d8473d65ffa,10-20,M10,17.59,True,True,True,0.0
74,685253186b7c8d8473d65ffa,20-40,M12,21.43,True,True,True,0.0
75,1fcbc4f3ec49fb735c0f7d56,2-5,M17,5.64,False,False,False,0.0
75,1fcbc4f3ec49fb735c0f7d56,5-10,M30,7.8,True,True,True,0.0
75,1fcbc4f3ec49fb735c0f7d56,10-20,M15,18.14,True,True,True,0.0
75,1fcbc4f3ec49fb735c0f7d56,20-40,M16,38.33,True,True,True,0.0
76,1879f3c5daf4cf8a36454c58,2-5,M17,4.78,True,True,True,0.0
76,1879f3c5daf4cf8a36454c58,5-10,M07,8.96,True,True,True,0.0
76,1879f3c5daf4cf8a36454c58,10-20,M13,15.35,True,True,True,0.0
76,1879f3c5daf4cf8a36454c58,20-40,M16,33.62,True,True,True,0.0
77,047b8df66ebc85fef8294a83,2-5,M17,5.79,False,False,False,0.0
77,047b8df66ebc85fef8294a83,5-10,M01,6.49,True,True,True,0.0
77,047b8df66ebc85fef8294a83,10-20,M29,12.95,True,True,True,0.0
77,047b8df66ebc85fef8294a83,20-40,M15,19.52,False,True,True,0.4800000000000004
78,cdebdfe424c1e2de4b6e80f5,2-5,M17,4.43,True,True,True,0.0
78,cdebdfe424c1e2de4b6e80f5,5-10,M20,7.13,True,True,True,0.0
78,cdebdfe424c1e2de4b6e80f5,10-20,M12,14.76,True,True,True,0.0
78,cdebdfe424c1e2de4b6e80f5,20-40,M16,29.16,True,True,True,0.0
79,c4ac567011a027981340b36b,2-5,M17,3.54,True,True,True,0.0
79,c4ac567011a027981340b36b,5-10,M20,5.76,True,True,True,0.0
79,c4ac567011a027981340b36b,10-20,M13,12.01,True,True,True,0.0
79,c4ac567011a027981340b36b,20-40,M16,23.53,True,True,True,0.0
80,3f3242254ca882caa3780cd4,2-5,M17,5.49,False,False,False,0.03000000000000025
80,3f3242254ca882caa3780cd4,5-10,M19,5.46,True,True,True,0.0
80,3f3242254ca882caa3780cd4,10-20,M22,11.67,True,True,True,0.0
80,3f3242254ca882caa3780cd4,20-40,M16,31.36,True,True,True,0.0
81,8f5373ae3303e9a701bc0449,2-5,M01,4.3,True,True,True,0.0
81,8f5373ae3303e9a701bc0449,5-10,M29,7.24,True,True,True,0.0
81,8f5373ae3303e9a701bc0449,10-20,M15,7.92,False,False,True,2.08
81,8f5373ae3303e9a701bc0449,20-40,M16,11.53,False,False,False,0.0
86,db6ca16feb506f12191f9ced,2-5,M01,4.92,True,True,True,0.0
86,db6ca16feb506f12191f9ced,5-10,M25,6.26,True,True,True,0.0
86,db6ca16feb506f12191f9ced,10-20,M13,11.52,True,True,True,0.0
86,db6ca16feb506f12191f9ced,20-40,M16,21.7,True,True,True,0.0
88,7c5d2caf2182c8f80629097e,2-5,M17,5.59,False,False,False,0.0
88,7c5d2caf2182c8f80629097e,5-10,M01,6.15,True,True,True,0.0
88,7c5d2caf2182c8f80629097e,10-20,M23,10.52,True,True,True,0.0
88,7c5d2caf2182c8f80629097e,20-40,M15,17.43,False,False,True,2.5700000000000003
92,ad6b380a8fe0471ba1141477,2-5,M17,6.33,False,False,False,0.0
92,ad6b380a8fe0471ba1141477,5-10,M19,7.16,True,True,True,0.0
92,ad6b380a8fe0471ba1141477,10-20,M27,14.43,True,True,True,0.0
92,ad6b380a8fe0471ba1141477,20-40,M15,21.33,True,True,True,0.0
93,90e4bc93a64c5319da7b3c19,2-5,M17,4.55,True,True,True,0.0
93,90e4bc93a64c5319da7b3c19,5-10,M28,9.61,True,True,True,0.0
93,90e4bc93a64c5319da7b3c19,10-20,M13,15.57,True,True,True,0.0
93,90e4bc93a64c5319da7b3c19,20-40,M16,34.22,True,True,True,0.0
95,74e84ef329ad1064a1b82a83,2-5,M17,6.26,False,False,False,0.0
95,74e84ef329ad1064a1b82a83,5-10,M19,6.78,True,True,True,0.0
95,74e84ef329ad1064a1b82a83,10-20,M09,14.47,True,True,True,0.0
95,74e84ef329ad1064a1b82a83,20-40,M15,20.84,True,True,True,0.0
96,3cf78d38643a00824f675671,2-5,M17,3.93,True,True,True,0.0
96,3cf78d38643a00824f675671,5-10,M19,4.91,False,True,True,0.08999999999999986
96,3cf78d38643a00824f675671,10-20,M08,9.29,False,True,True,0.7100000000000009
96,3cf78d38643a00824f675671,20-40,M15,11.78,False,False,True,8.22
98,b98d74e7b8c54efd1aed9d66,2-5,M17,2.14,True,True,True,0.0
98,b98d74e7b8c54efd1aed9d66,5-10,M26,4.74,False,True,True,0.2599999999999998
98,b98d74e7b8c54efd1aed9d66,10-20,M13,6.48,False,False,False,1.83
98,b98d74e7b8c54efd1aed9d66,20-40,M16,8.31,False,False,False,0.0
99,8b9b7a85e43384ce9dc9d4e5,2-5,M17,6.52,False,False,False,0.0
99,8b9b7a85e43384ce9dc9d4e5,5-10,M21,6.71,True,True,True,0.0
99,8b9b7a85e43384ce9dc9d4e5,10-20,M09,15.14,True,True,True,0.0
99,8b9b7a85e43384ce9dc9d4e5,20-40,M15,21.94,True,True,True,0.0
100,7a9ff14e405dc4decdd4dd4f,2-5,M17,5.6,False,False,True,0.5999999999999996
100,7a9ff14e405dc4decdd4dd4f,5-10,M04,7.34,True,True,True,0.0
100,7a9ff14e405dc4decdd4dd4f,10-20,M24,13.16,True,True,True,0.0
100,7a9ff14e405dc4decdd4dd4f,20-40,M16,36.61,True,True,True,0.0
101,3a06738b335793103289ffb6,2-5,M17,2.87,True,True,True,0.0
101,3a06738b335793103289ffb6,5-10,M25,7.1,True,True,True,0.0
101,3a06738b335793103289ffb6,10-20,M13,9.05,False,False,True,0.9499999999999993
101,3a06738b335793103289ffb6,20-40,M16,14.49,False,False,False,0.0
102,aff25fa1ec688ab41c7f5099,2-5,M01,4.66,True,True,True,0.0
102,aff25fa1ec688ab41c7f5099,5-10,M09,7.3,True,True,True,0.0
102,aff25fa1ec688ab41c7f5099,10-20,M13,10.0,True,True,True,0.0
102,aff25fa1ec688ab41c7f5099,20-40,M16,17.25,False,False,False,0.0
103,fafa20a4901e87c3d213e2c4,2-5,M17,3.67,True,True,True,0.0
103,fafa20a4901e87c3d213e2c4,5-10,M09,8.23,True,True,True,0.0
103,fafa20a4901e87c3d213e2c4,10-20,M16,20.25,False,True,True,0.25
103,fafa20a4901e87c3d213e2c4,20-40,M16,20.25,True,True,True,0.0
104,3a7529da11b98d32d37eb9b2,2-5,M17,7.33,False,False,False,0.020000000000000462
104,3a7529da11b98d32d37eb9b2,5-10,M17,7.33,True,True,True,0.0
104,3a7529da11b98d32d37eb9b2,10-20,M27,16.77,True,True,True,0.0
104,3a7529da11b98d32d37eb9b2,20-40,M15,26.79,True,True,True,0.0
106,6a14fc3ef083f99a0815d5c0,2-5,M17,6.18,False,False,False,0.0
106,6a14fc3ef083f99a0815d5c0,5-10,M17,6.18,True,True,True,0.0
106,6a14fc3ef083f99a0815d5c0,10-20,M28,11.95,True,True,True,0.0
106,6a14fc3ef083f99a0815d5c0,20-40,M15,20.31,True,True,True,0.0
107,2ca218591068dc3467fc728a,2-5,M17,7.63,False,False,False,0.0
107,2ca218591068dc3467fc728a,5-10,M17,7.63,True,True,True,0.0
107,2ca218591068dc3467fc728a,10-20,M07,14.88,True,True,True,0.0
107,2ca218591068dc3467fc728a,20-40,M15,28.15,True,True,True,0.0
108,87974590a2f5c545466b7087,2-5,M17,7.91,False,False,False,0.15000000000000036
108,87974590a2f5c545466b7087,5-10,M17,7.91,True,True,True,0.0
108,87974590a2f5c545466b7087,10-20,M25,14.9,True,True,True,0.0
108,87974590a2f5c545466b7087,20-40,M15,29.83,True,True,True,0.0
109,0481944a4fdf636307259eff,2-5,M01,4.85,True,True,True,0.0
109,0481944a4fdf636307259eff,5-10,M29,7.32,True,True,True,0.0
109,0481944a4fdf636307259eff,10-20,M13,10.62,True,True,True,0.0
109,0481944a4fdf636307259eff,20-40,M16,18.33,False,False,False,0.0
113,c135fd0963573003df9035bb,2-5,M17,7.79,False,False,False,0.1200000000000001
113,c135fd0963573003df9035bb,5-10,M17,7.79,True,True,True,0.0
113,c135fd0963573003df9035bb,10-20,M25,14.81,True,True,True,0.0
113,c135fd0963573003df9035bb,20-40,M12,28.37,True,True,True,0.0
115,1ab7eba89cafc88387549334,2-5,M17,8.54,False,False,False,0.2699999999999996
115,1ab7eba89cafc88387549334,5-10,M17,8.54,True,True,True,0.0
115,1ab7eba89cafc88387549334,10-20,M25,15.74,True,True,True,0.0
115,1ab7eba89cafc88387549334,20-40,M14,30.28,True,True,True,0.0
116,9a9b3db558991f39668b2741,2-5,M17,2.8,True,True,True,0.0
116,9a9b3db558991f39668b2741,5-10,M28,8.09,True,True,True,0.0
116,9a9b3db558991f39668b2741,10-20,M13,9.25,False,False,True,0.75
116,9a9b3db558991f39668b2741,20-40,M16,16.16,False,False,False,0.0
117,1012fb46ebf465147816dc29,2-5,M17,6.33,False,False,False,0.0
117,1012fb46ebf465147816dc29,5-10,M21,7.55,True,True,True,0.0
117,1012fb46ebf465147816dc29,10-20,M23,14.9,True,True,True,0.0
117,1012fb46ebf465147816dc29,20-40,M15,21.51,True,True,True,0.0
118,6382e37f456a6099a172d19e,2-5,M17,7.29,False,False,False,0.0
118,6382e37f456a6099a172d19e,5-10,M17,7.29,True,True,True,0.0
118,6382e37f456a6099a172d19e,10-20,M23,16.41,True,True,True,0.0
118,6382e37f456a6099a172d19e,20-40,M15,26.4,True,True,True,0.0
119,c488d0a9a839e2a349774985,2-5,M17,7.41,False,False,False,0.0
119,c488d0a9a839e2a349774985,5-10,M01,7.43,True,True,True,0.0
119,c488d0a9a839e2a349774985,10-20,M23,14.51,True,True,True,0.0
119,c488d0a9a839e2a349774985,20-40,M15,27.27,True,True,True,0.0
121,4ed737567275c0296b371cfd,2-5,M21,4.45,True,True,True,0.0
121,4ed737567275c0296b371cfd,5-10,M10,7.9,True,True,True,0.0
121,4ed737567275c0296b371cfd,10-20,M16,9.69,False,False,False,0.0
121,4ed737567275c0296b371cfd,20-40,M16,9.69,False,False,False,0.0
124,aa29578ed01a37d051f2f8b7,2-5,M17,6.98,False,False,False,0.2400000000000002
124,aa29578ed01a37d051f2f8b7,5-10,M20,9.15,True,True,True,0.0
124,aa29578ed01a37d051f2f8b7,10-20,M12,24.05,False,False,True,4.050000000000001
124,aa29578ed01a37d051f2f8b7,20-40,M16,49.03,False,True,True,9.030000000000001
128,ad3b009f5c46951acff42651,2-5,M17,5.69,False,False,False,0.0
128,ad3b009f5c46951acff42651,5-10,M04,7.15,True,True,True,0.0
128,ad3b009f5c46951acff42651,10-20,M10,15.96,True,True,True,0.0
128,ad3b009f5c46951acff42651,20-40,M16,36.61,True,True,True,0.0
129,1de3e41098dfdbdb2adf0ebb,2-5,M17,4.81,True,True,True,0.0
129,1de3e41098dfdbdb2adf0ebb,5-10,M26,7.86,True,True,True,0.0
129,1de3e41098dfdbdb2adf0ebb,10-20,M15,14.87,True,True,True,0.0
129,1de3e41098dfdbdb2adf0ebb,20-40,M16,32.4,True,True,True,0.0
130,cb76c9dc3ae475d3cc15b169,2-5,M17,8.55,False,False,False,0.26000000000000156
130,cb76c9dc3ae475d3cc15b169,5-10,M17,8.55,True,True,True,0.0
130,cb76c9dc3ae475d3cc15b169,10-20,M25,15.76,True,True,True,0.0
130,cb76c9dc3ae475d3cc15b169,20-40,M15,33.68,True,True,True,0.0
131,cb8f65e269eb26164eb899ea,2-5,M17,2.62,True,True,True,0.0
131,cb8f65e269eb26164eb899ea,5-10,M06,6.28,True,True,True,0.0
131,cb8f65e269eb26164eb899ea,10-20,M10,9.15,False,False,True,0.8499999999999996
131,cb8f65e269eb26164eb899ea,20-40,M16,17.11,False,False,False,0.0
132,76675cb970506f4cb7f9b3ef,2-5,M17,8.81,False,False,False,0.2599999999999998
132,76675cb970506f4cb7f9b3ef,5-10,M17,8.81,True,True,True,0.0
132,76675cb970506f4cb7f9b3ef,10-20,M06,15.88,True,True,True,0.0
132,76675cb970506f4cb7f9b3ef,20-40,M14,31.36,True,True,True,0.0
133,bcd4d25e30d0907c8a1680f0,2-5,M17,8.03,False,False,False,0.07999999999999918
133,bcd4d25e30d0907c8a1680f0,5-10,M17,8.03,True,True,True,0.0
133,bcd4d25e30d0907c8a1680f0,10-20,M28,16.83,True,True,True,0.0
133,bcd4d25e30d0907c8a1680f0,20-40,M15,31.25,True,True,True,0.0
134,a8b1cb2553507696b13260d8,2-5,M17,8.05,False,False,False,0.28000000000000114
134,a8b1cb2553507696b13260d8,5-10,M17,8.05,True,True,True,0.0
134,a8b1cb2553507696b13260d8,10-20,M25,15.02,True,True,True,0.0
134,a8b1cb2553507696b13260d8,20-40,M12,29.69,True,True,True,0.0
135,2dbcd2c21100a96deb0fc79b,2-5,M17,7.89,False,False,False,0.14999999999999947
135,2dbcd2c21100a96deb0fc79b,5-10,M01,7.74,True,True,True,0.0
135,2dbcd2c21100a96deb0fc79b,10-20,M23,16.75,True,True,True,0.0
135,2dbcd2c21100a96deb0fc79b,20-40,M15,30.1,True,True,True,0.0
137,4d08869f6c27483a6a997511,2-5,M17,6.53,False,False,False,0.0
137,4d08869f6c27483a6a997511,5-10,M17,6.53,True,True,True,0.0
137,4d08869f6c27483a6a997511,10-20,M07,12.04,True,True,True,0.0
137,4d08869f6c27483a6a997511,20-40,M15,22.19,True,True,True,0.0
138,fbb6ef4dd8eafc9c107d4009,2-5,M17,9.09,False,False,False,0.4299999999999997
138,fbb6ef4dd8eafc9c107d4009,5-10,M17,9.09,True,True,True,0.0
138,fbb6ef4dd8eafc9c107d4009,10-20,M25,16.27,True,True,True,0.0
138,fbb6ef4dd8eafc9c107d4009,20-40,M12,34.37,True,True,True,0.0
139,2cf7f8352a953b94c74c8f49,2-5,M17,3.82,True,True,True,0.0
139,2cf7f8352a953b94c74c8f49,5-10,M23,8.73,True,True,True,0.0
139,2cf7f8352a953b94c74c8f49,10-20,M15,11.4,True,True,True,0.0
139,2cf7f8352a953b94c74c8f49,20-40,M16,21.41,True,True,True,0.0
140,4dc9a1238a5c5e15ddab6051,2-5,M17,4.6,True,True,True,0.0
140,4dc9a1238a5c5e15ddab6051,5-10,M09,10.68,False,True,True,0.6799999999999997
140,4dc9a1238a5c5e15ddab6051,10-20,M13,14.27,True,True,True,0.0
140,4dc9a1238a5c5e15ddab6051,20-40,M16,30.66,True,True,True,0.0
141,0d0b0a46ce9ecd81eed45455,2-5,M17,7.87,False,False,False,0.1299999999999999
141,0d0b0a46ce9ecd81eed45455,5-10,M17,7.87,True,True,True,0.0
141,0d0b0a46ce9ecd81eed45455,10-20,M25,14.9,True,True,True,0.0
141,0d0b0a46ce9ecd81eed45455,20-40,M12,28.9,True,True,True,0.0
143,8911f3588631f37c7617db17,2-5,M17,8.75,False,False,False,0.33999999999999986
143,8911f3588631f37c7617db17,5-10,M17,8.75,True,True,True,0.0
143,8911f3588631f37c7617db17,10-20,M20,14.21,True,True,True,0.0
143,8911f3588631f37c7617db17,20-40,M14,31.03,True,True,True,0.0
144,2c5d43f76182fb5235fb9b35,2-5,M17,8.39,False,False,False,0.21000000000000085
144,2c5d43f76182fb5235fb9b35,5-10,M17,8.39,True,True,True,0.0
144,2c5d43f76182fb5235fb9b35,10-20,M06,15.1,True,True,True,0.0
144,2c5d43f76182fb5235fb9b35,20-40,M12,31.05,True,True,True,0.0
145,b059278e30a9ae7d8bf4fd90,2-5,M17,5.46,False,False,False,0.0
145,b059278e30a9ae7d8bf4fd90,5-10,M04,6.82,True,True,True,0.0
145,b059278e30a9ae7d8bf4fd90,10-20,M14,15.09,True,True,True,0.0
145,b059278e30a9ae7d8bf4fd90,20-40,M16,42.23,False,False,False,1.519999999999996
146,58130070690af2c368385354,2-5,M17,1.93,False,True,True,0.07000000000000006
146,58130070690af2c368385354,5-10,M27,6.57,True,True,True,0.0
146,58130070690af2c368385354,10-20,M16,6.07,False,False,False,0.5
146,58130070690af2c368385354,20-40,M16,6.07,False,False,False,0.5
147,1d7746b0a53dab9391e34d68,2-5,M17,8.03,False,False,False,0.1999999999999993
147,1d7746b0a53dab9391e34d68,5-10,M17,8.03,True,True,True,0.0
147,1d7746b0a53dab9391e34d68,10-20,M25,15.04,True,True,True,0.0
147,1d7746b0a53dab9391e34d68,20-40,M15,31.03,True,True,True,0.0
148,1b9952df1d11d663488fce0b,2-5,M17,7.35,False,False,False,0.0
148,1b9952df1d11d663488fce0b,5-10,M17,7.35,True,True,True,0.0
148,1b9952df1d11d663488fce0b,10-20,M28,14.95,True,True,True,0.0
148,1b9952df1d11d663488fce0b,20-40,M15,27.11,True,True,True,0.0
149,a93b32339ed8311dd7a541ef,2-5,M17,7.79,False,False,False,0.09999999999999964
149,a93b32339ed8311dd7a541ef,5-10,M17,7.79,True,True,True,0.0
149,a93b32339ed8311dd7a541ef,10-20,M28,15.94,True,True,True,0.0
149,a93b32339ed8311dd7a541ef,20-40,M15,29.51,True,True,True,0.0
150,47a0e982a5cc29d0694317d1,2-5,M17,6.41,False,False,False,0.41999999999999993
150,47a0e982a5cc29d0694317d1,5-10,M19,5.99,True,True,True,0.0
150,47a0e982a5cc29d0694317d1,10-20,M09,14.96,True,True,True,0.0
150,47a0e982a5cc29d0694317d1,20-40,M15,21.69,True,True,True,0.0
151,6b4c549deadd4454deb332d3,2-5,M17,5.24,False,False,False,0.0
151,6b4c549deadd4454deb332d3,5-10,M04,6.55,True,True,True,0.0
151,6b4c549deadd4454deb332d3,10-20,M10,15.19,True,True,True,0.0
151,6b4c549deadd4454deb332d3,20-40,M16,39.71,True,True,True,0.0
152,bc994c242eeac5db55f81cd1,2-5,M17,4.33,True,True,True,0.0
152,bc994c242eeac5db55f81cd1,5-10,M20,7.99,True,True,True,0.0
152,bc994c242eeac5db55f81cd1,10-20,M14,10.83,True,True,True,0.0
152,bc994c242eeac5db55f81cd1,20-40,M16,27.98,True,True,True,0.0
153,dd846ae5b622e8b2e6c71cac,2-5,M17,9.14,False,False,False,0.19000000000000128
153,dd846ae5b622e8b2e6c71cac,5-10,M17,9.14,True,True,True,0.0
153,dd846ae5b622e8b2e6c71cac,10-20,M20,14.51,True,True,True,0.0
153,dd846ae5b622e8b2e6c71cac,20-40,M24,31.78,True,True,True,0.0
154,f3706234c543da48bc5c0106,2-5,M17,8.68,False,False,False,0.33000000000000007
154,f3706234c543da48bc5c0106,5-10,M17,8.68,True,True,True,0.0
154,f3706234c543da48bc5c0106,10-20,M25,15.83,True,True,True,0.0
154,f3706234c543da48bc5c0106,20-40,M15,34.8,True,True,True,0.0
155,8109b130d7942e795d77baa7,2-5,M17,5.85,False,False,False,0.0
155,8109b130d7942e795d77baa7,5-10,M19,6.43,True,True,True,0.0
155,8109b130d7942e795d77baa7,10-20,M10,16.85,True,True,True,0.0
155,8109b130d7942e795d77baa7,20-40,M16,42.03,False,True,True,2.030000000000001
156,3104d8d880d3cd06ac46bd0b,2-5,M17,7.49,False,False,False,0.39000000000000057
156,3104d8d880d3cd06ac46bd0b,5-10,M01,7.63,True,True,True,0.0
156,3104d8d880d3cd06ac46bd0b,10-20,M08,19.53,True,True,True,0.0
156,3104d8d880d3cd06ac46bd0b,20-40,M15,28.78,True,True,True,0.0
157,bd2b46e5d8d336def30a4873,2-5,M17,7.28,False,False,False,0.0
157,bd2b46e5d8d336def30a4873,5-10,M01,7.44,True,True,True,0.0
157,bd2b46e5d8d336def30a4873,10-20,M28,14.83,True,True,True,0.0
157,bd2b46e5d8d336def30a4873,20-40,M15,27.07,True,True,True,0.0
158,3fd88639055c4f90157ae592,2-5,M17,8.59,False,False,False,0.2699999999999996
158,3fd88639055c4f90157ae592,5-10,M17,8.59,True,True,True,0.0
158,3fd88639055c4f90157ae592,10-20,M06,15.67,True,True,True,0.0
158,3fd88639055c4f90157ae592,20-40,M15,34.33,True,True,True,0.0
159,7953ee787848eada3b125164,2-5,M17,3.28,True,True,True,0.0
159,7953ee787848eada3b125164,5-10,M28,10.91,False,True,True,0.9100000000000001
159,7953ee787848eada3b125164,10-20,M13,12.88,True,True,True,0.0
159,7953ee787848eada3b125164,20-40,M16,26.84,True,True,True,0.0
160,2673245c3e0a30a5c3e96d57,2-5,M17,3.03,True,True,True,0.0
160,2673245c3e0a30a5c3e96d57,5-10,M26,8.16,True,True,True,0.0
160,2673245c3e0a30a5c3e96d57,10-20,M15,8.54,False,True,True,1.4600000000000009
160,2673245c3e0a30a5c3e96d57,20-40,M16,18.83,False,False,False,0.0
161,cf53cfefe4d6fe2f0d464145,2-5,M17,6.67,False,False,False,0.25
161,cf53cfefe4d6fe2f0d464145,5-10,M17,6.67,True,True,True,0.0
161,cf53cfefe4d6fe2f0d464145,10-20,M07,12.83,True,True,True,0.0
161,cf53cfefe4d6fe2f0d464145,20-40,M15,23.97,True,True,True,0.0
162,bbde6b2455ce1854559c6709,2-5,M17,7.13,False,False,False,0.22999999999999954
162,bbde6b2455ce1854559c6709,5-10,M04,9.35,True,True,True,0.0
162,bbde6b2455ce1854559c6709,10-20,M22,15.93,True,True,True,0.0
162,bbde6b2455ce1854559c6709,20-40,M15,26.51,True,True,True,0.0
163,bbde6b2455ce1854559c6709,2-5,M17,7.19,False,False,False,0.0
163,bbde6b2455ce1854559c6709,5-10,M04,9.4,True,True,True,0.0
163,bbde6b2455ce1854559c6709,10-20,M22,18.19,True,True,True,0.0
163,bbde6b2455ce1854559c6709,20-40,M15,26.51,True,True,True,0.0
164,2f5f0ba7541c2228903defab,2-5,M17,6.89,False,False,False,0.0
164,2f5f0ba7541c2228903defab,5-10,M17,6.89,True,True,True,0.0
164,2f5f0ba7541c2228903defab,10-20,M07,13.06,True,True,True,0.0
164,2f5f0ba7541c2228903defab,20-40,M15,24.37,True,True,True,0.0
165,ea2b62de5e4c4a4dd0b95da6,2-5,M17,8.61,False,False,False,0.25
165,ea2b62de5e4c4a4dd0b95da6,5-10,M17,8.61,True,True,True,0.0
165,ea2b62de5e4c4a4dd0b95da6,10-20,M25,15.83,True,True,True,0.0
165,ea2b62de5e4c4a4dd0b95da6,20-40,M15,34.84,True,True,True,0.0
166,85cf5990e92211843a2bfe23,2-5,M17,7.82,False,False,False,0.1800000000000006
166,85cf5990e92211843a2bfe23,5-10,M17,7.82,True,True,True,0.0
166,85cf5990e92211843a2bfe23,10-20,M25,14.83,True,True,True,0.0
166,85cf5990e92211843a2bfe23,20-40,M15,29.69,True,True,True,0.0
169,38aad91045bd921bbb9277ed,2-5,M17,4.57,True,True,True,0.0
169,38aad91045bd921bbb9277ed,5-10,M20,7.46,True,True,True,0.0
169,38aad91045bd921bbb9277ed,10-20,M12,13.75,True,True,True,0.0
169,38aad91045bd921bbb9277ed,20-40,M16,26.46,True,True,True,0.0
170,17c5451c41ce50a5b92f91d5,2-5,M17,7.19,False,False,False,0.020000000000000462
170,17c5451c41ce50a5b92f91d5,5-10,M17,7.19,True,True,True,0.0
170,17c5451c41ce50a5b92f91d5,10-20,M25,14.07,True,True,True,0.0
170,17c5451c41ce50a5b92f91d5,20-40,M15,26.09,True,True,True,0.0
171,198e5fddcc2aa9ebc444b3a6,2-5,M17,7.45,False,False,False,0.0
171,198e5fddcc2aa9ebc444b3a6,5-10,M20,10.81,False,False,True,0.8100000000000005
171,198e5fddcc2aa9ebc444b3a6,10-20,M14,23.85,False,True,True,3.8500000000000014
171,198e5fddcc2aa9ebc444b3a6,20-40,M12,27.46,True,True,True,0.0
172,7f5e8df8b8eb711b7b25801c,2-5,M17,7.98,False,False,False,0.2600000000000007
172,7f5e8df8b8eb711b7b25801c,5-10,M01,7.72,True,True,True,0.0
172,7f5e8df8b8eb711b7b25801c,10-20,M07,15.93,True,True,True,0.0
172,7f5e8df8b8eb711b7b25801c,20-40,M15,30.4,True,True,True,0.0
173,ad9f97620dab23d56e68f899,2-5,M19,5.92,False,False,False,0.3700000000000001
173,ad9f97620dab23d56e68f899,5-10,M10,15.89,False,False,True,5.890000000000001
173,ad9f97620dab23d56e68f899,10-20,M16,41.68,False,True,True,21.68
173,ad9f97620dab23d56e68f899,20-40,M16,41.68,False,False,False,0.8399999999999999
174,a0df11ab37c188b3740160a6,2-5,M17,7.03,False,False,False,0.0
174,a0df11ab37c188b3740160a6,5-10,M17,7.03,True,True,True,0.0
174,a0df11ab37c188b3740160a6,10-20,M07,13.3,True,True,True,0.0
174,a0df11ab37c188b3740160a6,20-40,M15,25.09,True,True,True,0.0
175,c910d74e6c15a5b3205df411,2-5,M17,7.18,False,False,False,0.0
175,c910d74e6c15a5b3205df411,5-10,M01,7.2,True,True,True,0.0
175,c910d74e6c15a5b3205df411,10-20,M07,13.65,True,True,True,0.0
175,c910d74e6c15a5b3205df411,20-40,M15,25.84,True,True,True,0.0
176,e1b34eb9479ceb03b50a90a5,2-5,M17,6.17,False,False,False,0.33999999999999986
176,e1b34eb9479ceb03b50a90a5,5-10,M19,5.93,True,True,True,0.0
176,e1b34eb9479ceb03b50a90a5,10-20,M22,12.51,True,True,True,0.0
176,e1b34eb9479ceb03b50a90a5,20-40,M15,21.32,True,True,True,0.0
177,3314004f55d768b9102a7c53,2-5,M17,5.01,False,False,False,0.0
177,3314004f55d768b9102a7c53,5-10,M18,6.87,True,True,True,0.0
177,3314004f55d768b9102a7c53,10-20,M10,14.52,True,True,True,0.0
177,3314004f55d768b9102a7c53,20-40,M16,37.12,True,True,True,0.0
178,0b4808d603cff090ae6e7e2c,2-5,M17,6.53,False,False,False,0.4300000000000006
178,0b4808d603cff090ae6e7e2c,5-10,M21,6.4,True,True,True,0.0
178,0b4808d603cff090ae6e7e2c,10-20,M09,15.37,True,True,True,0.0
178,0b4808d603cff090ae6e7e2c,20-40,M15,22.7,True,True,True,0.0
179,c51c3841863676f35f94e5d9,2-5,M17,4.75,True,True,True,0.0
179,c51c3841863676f35f94e5d9,5-10,M03,6.59,True,True,True,0.0
179,c51c3841863676f35f94e5d9,10-20,M10,13.88,True,True,True,0.0
179,c51c3841863676f35f94e5d9,20-40,M16,34.4,True,True,True,0.0
180,ecfd08db10e5477f190376da,2-5,M17,7.53,False,False,False,0.040000000000000036
180,ecfd08db10e5477f190376da,5-10,M17,7.53,True,True,True,0.0
180,ecfd08db10e5477f190376da,10-20,M25,14.48,True,True,True,0.0
180,ecfd08db10e5477f190376da,20-40,M15,27.79,True,True,True,0.0
181,ae549a3bb89eeba0509b46d1,2-5,M17,3.41,True,True,True,0.0
181,ae549a3bb89eeba0509b46d1,5-10,M06,6.78,True,True,True,0.0
181,ae549a3bb89eeba0509b46d1,10-20,M12,11.64,True,True,True,0.0
181,ae549a3bb89eeba0509b46d1,20-40,M16,19.14,False,False,False,0.0
182,cde92d2cbf5ae04506b2772e,2-5,M17,7.79,False,False,False,0.11000000000000032
182,cde92d2cbf5ae04506b2772e,5-10,M17,7.79,True,True,True,0.0
182,cde92d2cbf5ae04506b2772e,10-20,M28,16.14,True,True,True,0.0
182,cde92d2cbf5ae04506b2772e,20-40,M15,29.5,True,True,True,0.0
183,fc0ff7763485986307ce7100,2-5,M17,8.4,False,False,False,0.16999999999999993
183,fc0ff7763485986307ce7100,5-10,M21,10.29,False,True,True,0.28999999999999915
183,fc0ff7763485986307ce7100,10-20,M23,23.41,False,True,True,3.41
183,fc0ff7763485986307ce7100,20-40,M15,33.17,True,True,True,0.0
184,378e1b4037b2208a390730ed,2-5,M17,0.9,False,False,True,1.1
184,378e1b4037b2208a390730ed,5-10,M09,0.93,False,True,True,4.07
184,378e1b4037b2208a390730ed,10-20,M16,1.25,False,False,False,5.87
184,378e1b4037b2208a390730ed,20-40,M16,1.25,False,False,False,5.870000000000001
185,3d1756396565a85b0e5bfd75,2-5,M17,8.54,False,False,False,0.3099999999999987
185,3d1756396565a85b0e5bfd75,5-10,M17,8.54,True,True,True,0.0
185,3d1756396565a85b0e5bfd75,10-20,M25,15.68,True,True,True,0.0
185,3d1756396565a85b0e5bfd75,20-40,M15,33.76,True,True,True,0.0
186,231bee3016cdac10154eb865,2-5,M17,2.78,True,True,True,0.0
186,231bee3016cdac10154eb865,5-10,M19,5.29,True,True,True,0.0
186,231bee3016cdac10154eb865,10-20,M10,11.91,True,True,True,0.0
186,231bee3016cdac10154eb865,20-40,M16,23.53,True,True,True,0.0
187,ceff63dc913a8d929452b72a,2-5,M17,7.62,False,False,False,0.15000000000000036
187,ceff63dc913a8d929452b72a,5-10,M17,7.62,True,True,True,0.0
187,ceff63dc913a8d929452b72a,10-20,M25,14.53,True,True,True,0.0
187,ceff63dc913a8d929452b72a,20-40,M12,27.96,True,True,True,0.0
188,c815242a0e123343d6e3302a,2-5,M17,10.27,False,False,False,1.17
188,c815242a0e123343d6e3302a,5-10,M17,10.27,False,True,True,0.2699999999999996
188,c815242a0e123343d6e3302a,10-20,M20,17.03,True,True,True,0.0
188,c815242a0e123343d6e3302a,20-40,M24,39.98,True,True,True,0.0
189,6da8b86316162ba99fec2db6,2-5,M17,4.32,True,True,True,0.0
189,6da8b86316162ba99fec2db6,5-10,M23,8.39,True,True,True,0.0
189,6da8b86316162ba99fec2db6,10-20,M16,27.0,False,True,True,7.0
189,6da8b86316162ba99fec2db6,20-40,M16,27.0,True,True,True,0.0
190,9f40631b794965aff4da7b4a,2-5,M17,8.61,False,False,False,0.22999999999999865
190,9f40631b794965aff4da7b4a,5-10,M17,8.61,True,True,True,0.0
190,9f40631b794965aff4da7b4a,10-20,M06,15.62,True,True,True,0.0
190,9f40631b794965aff4da7b4a,20-40,M15,34.31,True,True,True,0.0
191,133b391bd1d233ca3265cf1b,2-5,M17,8.28,False,False,False,0.3199999999999994
191,133b391bd1d233ca3265cf1b,5-10,M17,8.28,True,True,True,0.0
191,133b391bd1d233ca3265cf1b,10-20,M25,15.29,True,True,True,0.0
191,133b391bd1d233ca3265cf1b,20-40,M12,30.91,True,True,True,0.0
193,2f9d6a91601860eeae150557,2-5,M17,8.83,False,False,False,0.33999999999999986
193,2f9d6a91601860eeae150557,5-10,M17,8.83,True,True,True,0.0
193,2f9d6a91601860eeae150557,10-20,M06,15.94,True,True,True,0.0
193,2f9d6a91601860eeae150557,20-40,M14,32.14,True,True,True,0.0
194,b8c4be4f866a65acd44b7659,2-5,M17,7.09,False,False,False,0.0
194,b8c4be4f866a65acd44b7659,5-10,M17,7.09,True,True,True,0.0
194,b8c4be4f866a65acd44b7659,10-20,M07,13.62,True,True,True,0.0
194,b8c4be4f866a65acd44b7659,20-40,M15,25.68,True,True,True,0.0
195,2f3df9eedd2906c14ce0e5d6,2-5,M17,8.63,False,False,False,0.34000000000000163
195,2f3df9eedd2906c14ce0e5d6,5-10,M17,8.63,True,True,True,0.0
195,2f3df9eedd2906c14ce0e5d6,10-20,M25,15.76,True,True,True,0.0
195,2f3df9eedd2906c14ce0e5d6,20-40,M15,34.3,True,True,True,0.0
196,2c3353338941a5a1620123ce,2-5,M17,8.07,False,False,False,0.22000000000000064
196,2c3353338941a5a1620123ce,5-10,M17,8.07,True,True,True,0.0
196,2c3353338941a5a1620123ce,10-20,M06,14.46,True,True,True,0.0
196,2c3353338941a5a1620123ce,20-40,M14,27.93,True,True,True,0.0
198,21c96a0876123a4a80b11e73,2-5,M17,3.67,True,True,True,0.0
198,21c96a0876123a4a80b11e73,5-10,M06,6.58,True,True,True,0.0
198,21c96a0876123a4a80b11e73,10-20,M13,9.96,False,False,True,0.03999999999999915
198,21c96a0876123a4a80b11e73,20-40,M16,16.84,False,False,False,0.0
199,c70e593c2e631310bfe805a0,2-5,M17,6.64,False,False,False,0.23999999999999932
199,c70e593c2e631310bfe805a0,5-10,M01,6.4,True,True,True,0.0
199,c70e593c2e631310bfe805a0,10-20,M29,14.3,True,True,True,0.0
199,c70e593c2e631310bfe805a0,20-40,M15,22.1,True,True,True,0.0
200,1157dca77a3505f7c3391cf1,2-5,M17,3.61,True,True,True,0.0
200,1157dca77a3505f7c3391cf1,5-10,M20,5.9,True,True,True,0.0
200,1157dca77a3505f7c3391cf1,10-20,M14,9.23,False,True,True,0.7699999999999996
200,1157dca77a3505f7c3391cf1,20-40,M16,22.81,True,True,True,0.0
201,a163f7a7711eeffb4a750ec3,2-5,M17,6.07,False,False,False,0.08000000000000007
201,a163f7a7711eeffb4a750ec3,5-10,M07,11.89,False,False,True,1.8900000000000006
201,a163f7a7711eeffb4a750ec3,10-20,M12,22.44,False,False,True,2.4400000000000013
201,a163f7a7711eeffb4a750ec3,20-40,M16,48.01,False,True,True,8.009999999999998
202,f217da90d1070a3bbaec6996,2-5,M17,8.25,False,False,False,0.22000000000000064
202,f217da90d1070a3bbaec6996,5-10,M17,8.25,True,True,True,0.0
202,f217da90d1070a3bbaec6996,10-20,M25,15.37,True,True,True,0.0
202,f217da90d1070a3bbaec6996,20-40,M12,30.72,True,True,True,0.0
203,cd59d3604f71cc60f2c12594,2-5,M17,3.41,True,True,True,0.0
203,cd59d3604f71cc60f2c12594,5-10,M14,7.82,True,True,True,0.0
203,cd59d3604f71cc60f2c12594,10-20,M16,18.47,True,True,True,0.0
203,cd59d3604f71cc60f2c12594,20-40,M16,18.47,False,False,False,0.0
205,349160f21ef26f3bd10c02df,2-5,M17,3.49,True,True,True,0.0
205,349160f21ef26f3bd10c02df,5-10,M02,6.42,True,True,True,0.0
205,349160f21ef26f3bd10c02df,10-20,M14,9.65,False,True,True,0.34999999999999964
205,349160f21ef26f3bd10c02df,20-40,M16,24.02,True,True,True,0.0
208,7e8108e8aa1d6afff73a1bc0,2-5,M17,8.85,False,False,False,0.29999999999999893
208,7e8108e8aa1d6afff73a1bc0,5-10,M17,8.85,True,True,True,0.0
208,7e8108e8aa1d6afff73a1bc0,10-20,M26,14.86,True,True,True,0.0
208,7e8108e8aa1d6afff73a1bc0,20-40,M14,32.2,True,True,True,0.0
209,ae21572dff8704af71227db3,2-5,M17,3.11,True,True,True,0.0
209,ae21572dff8704af71227db3,5-10,M20,5.7,True,True,True,0.0
209,ae21572dff8704af71227db3,10-20,M12,10.67,True,True,True,0.0
209,ae21572dff8704af71227db3,20-40,M16,20.19,True,True,True,0.0
210,f64cb299dc715625ad27bbf2,2-5,M17,8.51,False,False,False,0.4299999999999997
210,f64cb299dc715625ad27bbf2,5-10,M17,8.51,True,True,True,0.0
210,f64cb299dc715625ad27bbf2,10-20,M25,15.51,True,True,True,0.0
210,f64cb299dc715625ad27bbf2,20-40,M12,31.96,True,True,True,0.0
211,777595a9cfdca90527f5358e,2-5,M17,6.98,False,False,False,0.17000000000000082
211,777595a9cfdca90527f5358e,5-10,M17,6.98,True,True,True,0.0
211,777595a9cfdca90527f5358e,10-20,M25,12.66,True,True,True,0.0
211,777595a9cfdca90527f5358e,20-40,M15,24.26,True,True,True,0.0
212,d69a1a66fdf392a9c7131312,2-5,M17,9.01,False,False,False,0.4399999999999995
212,d69a1a66fdf392a9c7131312,5-10,M17,9.01,True,True,True,0.0
212,d69a1a66fdf392a9c7131312,10-20,M26,14.94,True,True,True,0.0
212,d69a1a66fdf392a9c7131312,20-40,M24,30.73,True,True,True,0.0
213,a9ddfab67a2904172e0f1116,2-5,M17,6.11,False,False,False,0.54
213,a9ddfab67a2904172e0f1116,5-10,M05,7.6,True,True,True,0.0
213,a9ddfab67a2904172e0f1116,10-20,M14,17.33,True,True,True,0.0
213,a9ddfab67a2904172e0f1116,20-40,M16,47.11,False,True,True,7.109999999999999
214,c27fe310a5abf32c690a710e,2-5,M17,7.02,False,False,False,0.41999999999999993
214,c27fe310a5abf32c690a710e,5-10,M01,6.75,True,True,True,0.0
214,c27fe310a5abf32c690a710e,10-20,M07,13.28,True,True,True,0.0
214,c27fe310a5abf32c690a710e,20-40,M15,24.93,True,True,True,0.0
215,4a4758acbcb6cbd3b156ade0,2-5,M17,9.12,False,False,False,0.27999999999999936
215,4a4758acbcb6cbd3b156ade0,5-10,M17,9.12,True,True,True,0.0
215,4a4758acbcb6cbd3b156ade0,10-20,M26,15.18,True,True,True,0.0
215,4a4758acbcb6cbd3b156ade0,20-40,M14,33.95,True,True,True,0.0
216,1ccc85fbc14570d427fc4054,2-5,M17,5.67,False,False,False,0.0
216,1ccc85fbc14570d427fc4054,5-10,M20,8.23,True,True,True,0.0
216,1ccc85fbc14570d427fc4054,10-20,M15,17.91,True,True,True,0.0
216,1ccc85fbc14570d427fc4054,20-40,M16,42.44,False,False,False,1.4899999999999984
217,f0be075ce70bbd3bac1c7259,2-5,M17,7.87,False,False,False,0.17999999999999972
217,f0be075ce70bbd3bac1c7259,5-10,M17,7.87,True,True,True,0.0
217,f0be075ce70bbd3bac1c7259,10-20,M25,14.88,True,True,True,0.0
217,f0be075ce70bbd3bac1c7259,20-40,M14,26.45,True,True,True,0.0
219,0658d6d6c98ecbd57359ccef,2-5,M17,2.84,True,True,True,0.0
219,0658d6d6c98ecbd57359ccef,5-10,M30,4.78,False,True,True,0.21999999999999975
219,0658d6d6c98ecbd57359ccef,10-20,M14,8.07,False,False,True,1.9299999999999997
219,0658d6d6c98ecbd57359ccef,20-40,M16,18.55,False,False,False,0.0
220,d62a7d47244b4b6f5813dc91,2-5,M17,6.64,False,False,False,0.33999999999999986
220,d62a7d47244b4b6f5813dc91,5-10,M03,8.7,True,True,True,0.0
220,d62a7d47244b4b6f5813dc91,10-20,M10,17.72,True,True,True,0.0
220,d62a7d47244b4b6f5813dc91,20-40,M16,48.78,False,True,True,8.780000000000001
221,b2055287b28edac3e1fa6789,2-5,M17,9.95,False,False,False,1.7199999999999989
221,b2055287b28edac3e1fa6789,5-10,M17,9.95,True,True,True,0.0
221,b2055287b28edac3e1fa6789,10-20,M20,16.69,True,True,True,0.0
221,b2055287b28edac3e1fa6789,20-40,M24,37.86,True,True,True,0.0
222,6031d890eca7dc3190572968,2-5,M17,8.04,False,False,False,0.07999999999999918
222,6031d890eca7dc3190572968,5-10,M01,7.96,True,True,True,0.0
222,6031d890eca7dc3190572968,10-20,M28,16.89,True,True,True,0.0
222,6031d890eca7dc3190572968,20-40,M15,31.47,True,True,True,0.0
223,a0b2ab35e6b6a3ad3cb8099a,2-5,M17,9.39,False,False,False,0.030000000000001137
223,a0b2ab35e6b6a3ad3cb8099a,5-10,M17,9.39,True,True,True,0.0
223,a0b2ab35e6b6a3ad3cb8099a,10-20,M20,15.05,True,True,True,0.0
223,a0b2ab35e6b6a3ad3cb8099a,20-40,M24,33.25,True,True,True,0.0
225,493b94c3c8c4c9bf713f2445,2-5,M17,3.72,True,True,True,0.0
225,493b94c3c8c4c9bf713f2445,5-10,M03,5.45,True,True,True,0.0
225,493b94c3c8c4c9bf713f2445,10-20,M12,11.12,True,True,True,0.0
225,493b94c3c8c4c9bf713f2445,20-40,M16,21.44,True,True,True,0.0
226,ae5a55d12ebca06a5f8ce50c,2-5,M17,8.55,False,False,False,0.3100000000000005
226,ae5a55d12ebca06a5f8ce50c,5-10,M17,8.55,True,True,True,0.0
226,ae5a55d12ebca06a5f8ce50c,10-20,M26,14.43,True,True,True,0.0
226,ae5a55d12ebca06a5f8ce50c,20-40,M14,30.45,True,True,True,0.0
227,d13130a6033e47d102f8fa76,2-5,M17,3.88,True,True,True,0.0
227,d13130a6033e47d102f8fa76,5-10,M18,5.77,True,True,True,0.0
227,d13130a6033e47d102f8fa76,10-20,M27,9.2,False,False,True,0.8000000000000007
227,d13130a6033e47d102f8fa76,20-40,M13,10.54,False,False,False,7.93
228,526db5d548e812e0af002e85,2-5,M17,6.43,False,False,False,0.7199999999999998
228,526db5d548e812e0af002e85,5-10,M18,8.79,True,True,True,0.0
228,526db5d548e812e0af002e85,10-20,M22,12.32,True,True,True,0.0
228,526db5d548e812e0af002e85,20-40,M13,23.34,True,True,True,0.0
229,3b65ef9d92c67daf73ca37e7,2-5,M17,9.34,False,False,False,0.3100000000000005
229,3b65ef9d92c67daf73ca37e7,5-10,M17,9.34,True,True,True,0.0
229,3b65ef9d92c67daf73ca37e7,10-20,M20,15.03,True,True,True,0.0
229,3b65ef9d92c67daf73ca37e7,20-40,M22,32.88,True,True,True,0.0
230,3d7bd96ca15710fb424119d8,2-5,M17,10.04,False,False,False,1.4299999999999997
230,3d7bd96ca15710fb424119d8,5-10,M17,10.04,False,True,True,0.03999999999999915
230,3d7bd96ca15710fb424119d8,10-20,M02,12.52,True,True,True,0.0
230,3d7bd96ca15710fb424119d8,20-40,M22,38.25,True,True,True,0.0
232,144e67efd6d586547a1449e2,2-5,M17,4.25,True,True,True,0.0
232,144e67efd6d586547a1449e2,5-10,M20,6.42,True,True,True,0.0
232,144e67efd6d586547a1449e2,10-20,M14,11.79,True,True,True,0.0
232,144e67efd6d586547a1449e2,20-40,M16,31.18,True,True,True,0.0
233,a047c7c3e85649e0405c3ba7,2-5,M17,6.54,False,False,False,0.5200000000000005
233,a047c7c3e85649e0405c3ba7,5-10,M19,6.29,True,True,True,0.0
233,a047c7c3e85649e0405c3ba7,10-20,M10,18.4,True,True,True,0.0
233,a047c7c3e85649e0405c3ba7,20-40,M15,23.14,True,True,True,0.0
234,21eea0afa313d3769372de02,2-5,M17,10.68,False,False,False,0.7099999999999991
234,21eea0afa313d3769372de02,5-10,M17,10.68,False,True,True,0.6799999999999997
234,21eea0afa313d3769372de02,10-20,M20,17.68,True,True,True,0.0
234,21eea0afa313d3769372de02,20-40,M24,32.54,True,True,True,0.0
235,6ee9f7ce16b214affda797f4,2-5,M19,4.77,True,True,True,0.0
235,6ee9f7ce16b214affda797f4,5-10,M08,8.79,True,True,True,0.0
235,6ee9f7ce16b214affda797f4,10-20,M13,10.76,True,True,True,0.0
235,6ee9f7ce16b214affda797f4,20-40,M16,18.18,False,False,False,0.0
236,ecce04dcbcf0122880ef1bc4,2-5,M17,8.51,False,False,False,0.35999999999999943
236,ecce04dcbcf0122880ef1bc4,5-10,M17,8.51,True,True,True,0.0
236,ecce04dcbcf0122880ef1bc4,10-20,M25,15.57,True,True,True,0.0
236,ecce04dcbcf0122880ef1bc4,20-40,M12,31.7,True,True,True,0.0
237,fae1b0a30d608d7f0a01c6ee,2-5,M17,8.16,False,False,False,0.8200000000000003
237,fae1b0a30d608d7f0a01c6ee,5-10,M21,8.75,True,True,True,0.0
237,fae1b0a30d608d7f0a01c6ee,10-20,M09,18.7,True,True,True,0.0
237,fae1b0a30d608d7f0a01c6ee,20-40,M15,28.89,True,True,True,0.0
238,4a69088acec0c142b3de9690,2-5,M17,3.77,True,True,True,0.0
238,4a69088acec0c142b3de9690,5-10,M18,5.68,True,True,True,0.0
238,4a69088acec0c142b3de9690,10-20,M27,14.73,True,True,True,0.0
238,4a69088acec0c142b3de9690,20-40,M13,12.72,False,False,True,7.279999999999999
239,f8ac8d48882ea0feea3861c4,2-5,M17,7.06,False,False,False,0.33999999999999986
239,f8ac8d48882ea0feea3861c4,5-10,M01,6.72,True,True,True,0.0
239,f8ac8d48882ea0feea3861c4,10-20,M07,13.31,True,True,True,0.0
239,f8ac8d48882ea0feea3861c4,20-40,M15,25.07,True,True,True,0.0
240,4fc34b6859ebf93e0c16c141,2-5,M17,4.4,True,True,True,0.0
240,4fc34b6859ebf93e0c16c141,5-10,M19,4.95,False,True,True,0.04999999999999982
240,4fc34b6859ebf93e0c16c141,10-20,M09,10.66,True,True,True,0.0
240,4fc34b6859ebf93e0c16c141,20-40,M12,15.34,False,False,True,4.66
241,18623281fc9dce7d70af43e9,2-5,M17,6.14,False,False,False,0.0
241,18623281fc9dce7d70af43e9,5-10,M30,7.17,True,True,True,0.0
241,18623281fc9dce7d70af43e9,10-20,M14,15.14,True,True,True,0.0
241,18623281fc9dce7d70af43e9,20-40,M16,41.75,False,False,True,1.75
242,9e0901bcee50a2c1f9527fb0,2-5,M17,7.31,False,False,False,0.35999999999999943
242,9e0901bcee50a2c1f9527fb0,5-10,M01,7.3,True,True,True,0.0
242,9e0901bcee50a2c1f9527fb0,10-20,M28,15.2,True,True,True,0.0
242,9e0901bcee50a2c1f9527fb0,20-40,M13,27.49,True,True,True,0.0
243,25ddcfd00b9d06444330609f,2-5,M17,7.24,False,False,False,0.29000000000000004
243,25ddcfd00b9d06444330609f,5-10,M19,7.09,True,True,True,0.0
243,25ddcfd00b9d06444330609f,10-20,M29,14.45,True,True,True,0.0
243,25ddcfd00b9d06444330609f,20-40,M13,24.76,True,True,True,0.0
244,670b4048ec51c7fd50fc617b,2-5,M17,8.04,False,False,False,0.20999999999999908
244,670b4048ec51c7fd50fc617b,5-10,M17,8.04,True,True,True,0.0
244,670b4048ec51c7fd50fc617b,10-20,M06,14.27,True,True,True,0.0
244,670b4048ec51c7fd50fc617b,20-40,M14,27.22,True,True,True,0.0
245,1a63c784a90e7a00bbc469c8,2-5,M17,7.76,False,False,False,0.3199999999999994
245,1a63c784a90e7a00bbc469c8,5-10,M17,7.76,True,True,True,0.0
245,1a63c784a90e7a00bbc469c8,10-20,M20,10.03,True,True,True,0.0
245,1a63c784a90e7a00bbc469c8,20-40,M24,17.82,False,False,True,2.1799999999999997
246,dde8b904e95cd1e872f4f7db,2-5,M17,8.21,False,False,False,0.2900000000000009
246,dde8b904e95cd1e872f4f7db,5-10,M17,8.21,True,True,True,0.0
246,dde8b904e95cd1e872f4f7db,10-20,M25,15.2,True,True,True,0.0
246,dde8b904e95cd1e872f4f7db,20-40,M12,30.57,True,True,True,0.0
247,b8b3ad07e5e1039df48e43e6,2-5,M17,2.83,True,True,True,0.0
247,b8b3ad07e5e1039df48e43e6,5-10,M26,10.73,False,True,True,0.7300000000000004
247,b8b3ad07e5e1039df48e43e6,10-20,M15,8.8,False,False,True,1.1999999999999993
247,b8b3ad07e5e1039df48e43e6,20-40,M16,13.83,False,False,False,0.0
248,5a933e414c446e00b391d67e,2-5,M17,8.28,False,False,False,0.3899999999999997
248,5a933e414c446e00b391d67e,5-10,M17,8.28,True,True,True,0.0
248,5a933e414c446e00b391d67e,10-20,M25,15.22,True,True,True,0.0
248,5a933e414c446e00b391d67e,20-40,M12,30.86,True,True,True,0.0
249,6f55438546f57416a8693eb4,2-5,M17,5.53,False,False,True,0.5300000000000002
249,6f55438546f57416a8693eb4,5-10,M20,7.92,True,True,True,0.0
249,6f55438546f57416a8693eb4,10-20,M12,18.74,True,True,True,0.0
249,6f55438546f57416a8693eb4,20-40,M16,40.54,False,False,False,0.0
250,c757832b2167519e0ac3b967,2-5,M17,9.41,False,False,False,0.13000000000000078
250,c757832b2167519e0ac3b967,5-10,M17,9.41,True,True,True,0.0
250,c757832b2167519e0ac3b967,10-20,M20,14.98,True,True,True,0.0
250,c757832b2167519e0ac3b967,20-40,M24,33.22,True,True,True,0.0
251,fa74b4af76ab2c2bfc0004ba,2-5,M17,8.06,False,False,False,0.35000000000000053
251,fa74b4af76ab2c2bfc0004ba,5-10,M17,8.06,True,True,True,0.0
251,fa74b4af76ab2c2bfc0004ba,10-20,M25,14.95,True,True,True,0.0
251,fa74b4af76ab2c2bfc0004ba,20-40,M15,30.84,True,True,True,0.0
252,49f72a7b3ba95ce637b7c9ed,2-5,M17,7.5,False,False,False,0.45999999999999996
252,49f72a7b3ba95ce637b7c9ed,5-10,M17,7.5,True,True,True,0.0
252,49f72a7b3ba95ce637b7c9ed,10-20,M28,14.46,True,True,True,0.0
252,49f72a7b3ba95ce637b7c9ed,20-40,M15,27.57,True,True,True,0.0
253,2e0625b187eb16887bc48f24,2-5,M17,7.93,False,False,False,0.35999999999999943
253,2e0625b187eb16887bc48f24,5-10,M17,7.93,True,True,True,0.0
253,2e0625b187eb16887bc48f24,10-20,M20,9.96,False,True,True,0.03999999999999915
253,2e0625b187eb16887bc48f24,20-40,M22,17.32,False,False,True,2.6799999999999997
254,566ffc41d7edae3a1f739741,2-5,M17,9.05,False,False,False,0.5500000000000007
254,566ffc41d7edae3a1f739741,5-10,M17,9.05,True,True,True,0.0
254,566ffc41d7edae3a1f739741,10-20,M20,14.17,True,True,True,0.0
254,566ffc41d7edae3a1f739741,20-40,M24,30.74,True,True,True,0.0
256,7ab835a888675d8492b11826,2-5,M17,9.08,False,False,False,0.4800000000000004
256,7ab835a888675d8492b11826,5-10,M17,9.08,True,True,True,0.0
256,7ab835a888675d8492b11826,10-20,M20,14.12,True,True,True,0.0
256,7ab835a888675d8492b11826,20-40,M24,30.09,True,True,True,0.0
258,42ba4eb4f3bde44694d1974c,2-5,M17,6.46,False,False,False,0.2699999999999996
258,42ba4eb4f3bde44694d1974c,5-10,M18,8.73,True,True,True,0.0
258,42ba4eb4f3bde44694d1974c,10-20,M14,18.42,True,True,True,0.0
258,42ba4eb4f3bde44694d1974c,20-40,M16,48.91,False,True,True,8.909999999999997
260,bc37928db07519700d608f99,2-5,M17,7.54,False,False,False,0.6100000000000003
260,bc37928db07519700d608f99,5-10,M01,7.03,True,True,True,0.0
260,bc37928db07519700d608f99,10-20,M07,14.37,True,True,True,0.0
260,bc37928db07519700d608f99,20-40,M15,27.84,True,True,True,0.0
261,7baf7908c42ba7a02322fcd4,2-5,M17,6.67,False,False,False,0.0
261,7baf7908c42ba7a02322fcd4,5-10,M17,6.67,True,True,True,0.0
261,7baf7908c42ba7a02322fcd4,10-20,M28,13.39,True,True,True,0.0
261,7baf7908c42ba7a02322fcd4,20-40,M13,23.43,True,True,True,0.0
262,229504607349828a36f6f03e,2-5,M17,7.87,False,False,False,0.1900000000000004
262,229504607349828a36f6f03e,5-10,M17,7.87,True,True,True,0.0
262,229504607349828a36f6f03e,10-20,M25,14.88,True,True,True,0.0
262,229504607349828a36f6f03e,20-40,M12,29.12,True,True,True,0.0
263,7738c55f945d0df2535c994a,2-5,M17,8.04,False,False,False,0.14999999999999947
263,7738c55f945d0df2535c994a,5-10,M01,7.89,True,True,True,0.0
263,7738c55f945d0df2535c994a,10-20,M28,16.41,True,True,True,0.0
263,7738c55f945d0df2535c994a,20-40,M13,31.47,True,True,True,0.0
264,ad56a84d141e631b2b1c6a48,2-5,M17,10.4,False,False,False,2.3100000000000005
264,ad56a84d141e631b2b1c6a48,5-10,M17,10.4,False,True,True,0.40000000000000036
264,ad56a84d141e631b2b1c6a48,10-20,M26,17.32,True,True,True,0.0
264,ad56a84d141e631b2b1c6a48,20-40,M24,33.69,True,True,True,0.0
265,04831b0ea0bfee04fcc4eb27,2-5,M17,8.32,False,False,False,0.21000000000000085
265,04831b0ea0bfee04fcc4eb27,5-10,M17,8.32,True,True,True,0.0
265,04831b0ea0bfee04fcc4eb27,10-20,M06,15.18,True,True,True,0.0
265,04831b0ea0bfee04fcc4eb27,20-40,M12,31.79,True,True,True,0.0
266,09fdfb57668810ac2e3b712f,2-5,M17,6.99,False,False,False,0.39000000000000057
266,09fdfb57668810ac2e3b712f,5-10,M17,6.99,True,True,True,0.0
266,09fdfb57668810ac2e3b712f,10-20,M07,13.54,True,True,True,0.0
266,09fdfb57668810ac2e3b712f,20-40,M15,25.31,True,True,True,0.0
267,d520bf8d91251ecd00cc4b41,2-5,M17,3.43,True,True,True,0.0
267,d520bf8d91251ecd00cc4b41,5-10,M06,7.0,True,True,True,0.0
267,d520bf8d91251ecd00cc4b41,10-20,M13,11.08,True,True,True,0.0
267,d520bf8d91251ecd00cc4b41,20-40,M16,20.42,True,True,True,0.0
268,d69eda8667f021413c4a9f83,2-5,M17,5.2,False,False,False,0.08999999999999986
268,d69eda8667f021413c4a9f83,5-10,M26,10.06,False,True,True,0.0600000000000005
268,d69eda8667f021413c4a9f83,10-20,M12,16.32,True,True,True,0.0
268,d69eda8667f021413c4a9f83,20-40,M16,34.55,True,True,True,0.0
270,b8c82d904caebcfae94507d9,2-5,M17,7.41,False,False,False,0.41999999999999993
270,b8c82d904caebcfae94507d9,5-10,M01,6.99,True,True,True,0.0
270,b8c82d904caebcfae94507d9,10-20,M28,14.48,True,True,True,0.0
270,b8c82d904caebcfae94507d9,20-40,M15,27.59,True,True,True,0.0
271,648bc1f8679a9275b66f6275,2-5,M01,9.42,False,False,False,0.0
271,648bc1f8679a9275b66f6275,5-10,M01,9.42,True,True,True,0.0
271,648bc1f8679a9275b66f6275,10-20,M20,15.84,True,True,True,0.0
271,648bc1f8679a9275b66f6275,20-40,M23,32.24,True,True,True,0.0
272,7fb8af142894de9d555b9983,2-5,M17,8.45,False,False,False,0.27999999999999936
272,7fb8af142894de9d555b9983,5-10,M17,8.45,True,True,True,0.0
272,7fb8af142894de9d555b9983,10-20,M25,15.64,True,True,True,0.0
272,7fb8af142894de9d555b9983,20-40,M12,32.08,True,True,True,0.0
273,ca6cb56c983e5492cd15a656,2-5,M17,7.9,False,False,False,0.20999999999999996
273,ca6cb56c983e5492cd15a656,5-10,M17,7.9,True,True,True,0.0
273,ca6cb56c983e5492cd15a656,10-20,M25,13.93,True,True,True,0.0
273,ca6cb56c983e5492cd15a656,20-40,M12,29.5,True,True,True,0.0
274,9b385e5777f6b270736964d8,2-5,M17,3.49,True,True,True,0.0
274,9b385e5777f6b270736964d8,5-10,M07,7.18,True,True,True,0.0
274,9b385e5777f6b270736964d8,10-20,M13,11.47,True,True,True,0.0
274,9b385e5777f6b270736964d8,20-40,M16,21.46,True,True,True,0.0
275,a3cc9e6104a657c18f86b132,2-5,M17,7.27,False,False,False,0.3199999999999994
275,a3cc9e6104a657c18f86b132,5-10,M01,6.95,True,True,True,0.0
275,a3cc9e6104a657c18f86b132,10-20,M28,14.32,True,True,True,0.0
275,a3cc9e6104a657c18f86b132,20-40,M15,27.24,True,True,True,0.0
277,1d0a43c80b2575e810c29b2d,2-5,M17,6.93,False,False,False,0.0
277,1d0a43c80b2575e810c29b2d,5-10,M21,7.23,True,True,True,0.0
277,1d0a43c80b2575e810c29b2d,10-20,M24,17.19,True,True,True,0.0
277,1d0a43c80b2575e810c29b2d,20-40,M15,24.48,True,True,True,0.0
280,bed4536832eee8371b3e89bd,2-5,M17,7.16,False,False,False,0.21999999999999975
280,bed4536832eee8371b3e89bd,5-10,M01,7.02,True,True,True,0.0
280,bed4536832eee8371b3e89bd,10-20,M28,15.33,True,True,True,0.0
280,bed4536832eee8371b3e89bd,20-40,M15,26.77,True,True,True,0.0
281,bbda52a9d99ca097c7cfd477,2-5,M17,5.88,False,False,False,0.8700000000000001
281,bbda52a9d99ca097c7cfd477,5-10,M19,5.52,True,True,True,0.0
281,bbda52a9d99ca097c7cfd477,10-20,M11,17.09,True,True,True,0.0
281,bbda52a9d99ca097c7cfd477,20-40,M13,21.52,True,True,True,0.0
282,c18e77ce74b9a2e4ab1ae59d,2-5,M17,8.81,False,False,False,0.5300000000000011
282,c18e77ce74b9a2e4ab1ae59d,5-10,M17,8.81,True,True,True,0.0
282,c18e77ce74b9a2e4ab1ae59d,10-20,M25,15.84,True,True,True,0.0
282,c18e77ce74b9a2e4ab1ae59d,20-40,M14,32.72,True,True,True,0.0
283,c2eedb24cf5e98af3c88b4c1,2-5,M17,7.46,False,False,False,0.09999999999999964
283,c2eedb24cf5e98af3c88b4c1,5-10,M17,7.46,True,True,True,0.0
283,c2eedb24cf5e98af3c88b4c1,10-20,M07,14.72,True,True,True,0.0
283,c2eedb24cf5e98af3c88b4c1,20-40,M15,27.99,True,True,True,0.0
284,6c8bd1deff5bdb9e32c6446d,2-5,M17,9.96,False,False,False,1.8500000000000014
284,6c8bd1deff5bdb9e32c6446d,5-10,M17,9.96,True,True,True,0.0
284,6c8bd1deff5bdb9e32c6446d,10-20,M26,16.43,True,True,True,0.0
284,6c8bd1deff5bdb9e32c6446d,20-40,M22,37.38,True,True,True,0.0
285,13cc0dc0c9b50911e5f7c80a,2-5,M17,7.1,False,False,False,0.0
285,13cc0dc0c9b50911e5f7c80a,5-10,M17,7.1,True,True,True,0.0
285,13cc0dc0c9b50911e5f7c80a,10-20,M07,14.05,True,True,True,0.0
285,13cc0dc0c9b50911e5f7c80a,20-40,M15,26.37,True,True,True,0.0
286,df47194b4bdae24605cf1a6e,2-5,M17,7.03,False,False,False,0.6900000000000004
286,df47194b4bdae24605cf1a6e,5-10,M17,7.03,True,True,True,0.0
286,df47194b4bdae24605cf1a6e,10-20,M25,13.81,True,True,True,0.0
286,df47194b4bdae24605cf1a6e,20-40,M15,26.37,True,True,True,0.0
290,b4432b95902e4e88b42e2066,2-5,M17,7.74,False,False,False,0.10000000000000053
290,b4432b95902e4e88b42e2066,5-10,M17,7.74,True,True,True,0.0
290,b4432b95902e4e88b42e2066,10-20,M28,16.07,True,True,True,0.0
290,b4432b95902e4e88b42e2066,20-40,M13,29.45,True,True,True,0.0
291,bb6c0863dd45d3f74e17df3e,2-5,M17,8.19,False,False,False,0.6899999999999995
291,bb6c0863dd45d3f74e17df3e,5-10,M17,8.19,True,True,True,0.0
291,bb6c0863dd45d3f74e17df3e,10-20,M25,14.6,True,True,True,0.0
291,bb6c0863dd45d3f74e17df3e,20-40,M15,31.54,True,True,True,0.0
294,d5d831302cba59032cb7c4e8,2-5,M17,7.45,False,False,False,0.25
294,d5d831302cba59032cb7c4e8,5-10,M17,7.45,True,True,True,0.0
294,d5d831302cba59032cb7c4e8,10-20,M20,10.11,True,True,True,0.0
294,d5d831302cba59032cb7c4e8,20-40,M22,17.94,False,False,True,2.0599999999999987
295,0a411c9b61631bf103bfed61,2-5,M17,8.23,False,False,False,0.4200000000000008
295,0a411c9b61631bf103bfed61,5-10,M17,8.23,True,True,True,0.0
295,0a411c9b61631bf103bfed61,10-20,M25,15.13,True,True,True,0.0
295,0a411c9b61631bf103bfed61,20-40,M12,30.87,True,True,True,0.0
296,5cc22c63bfc2c970da060ca8,2-5,M17,8.51,False,False,False,1.0199999999999996
296,5cc22c63bfc2c970da060ca8,5-10,M17,8.51,True,True,True,0.0
296,5cc22c63bfc2c970da060ca8,10-20,M25,14.6,True,True,True,0.0
296,5cc22c63bfc2c970da060ca8,20-40,M15,31.59,True,True,True,0.0
297,a4d13ddf9429ac6f4154b0e3,2-5,M17,8.26,False,False,False,0.8999999999999995
297,a4d13ddf9429ac6f4154b0e3,5-10,M17,8.26,True,True,True,0.0
297,a4d13ddf9429ac6f4154b0e3,10-20,M25,14.39,True,True,True,0.0
297,a4d13ddf9429ac6f4154b0e3,20-40,M12,29.16,True,True,True,0.0
300,98b5399112d2ffc2aa957c86,2-5,M17,8.44,False,False,False,0.35999999999999943
300,98b5399112d2ffc2aa957c86,5-10,M17,8.44,True,True,True,0.0
300,98b5399112d2ffc2aa957c86,10-20,M25,15.34,True,True,True,0.0
300,98b5399112d2ffc2aa957c86,20-40,M14,29.36,True,True,True,0.0
301,a7efe2a12592b5fa953c9862,2-5,M17,8.04,False,False,False,0.5999999999999988
301,a7efe2a12592b5fa953c9862,5-10,M01,7.44,True,True,True,0.0
301,a7efe2a12592b5fa953c9862,10-20,M07,16.42,True,True,True,0.0
301,a7efe2a12592b5fa953c9862,20-40,M15,31.45,True,True,True,0.0
302,0cbfc205af64784e06b727c4,2-5,M17,6.83,False,False,False,1.25
302,0cbfc205af64784e06b727c4,5-10,M17,6.83,True,True,True,0.0
302,0cbfc205af64784e06b727c4,10-20,M06,11.89,True,True,True,0.0
302,0cbfc205af64784e06b727c4,20-40,M13,24.85,True,True,True,0.0
303,fa4fe83161caa77335eb59e7,2-5,M17,8.46,False,False,False,0.7900000000000009
303,fa4fe83161caa77335eb59e7,5-10,M17,8.46,True,True,True,0.0
303,fa4fe83161caa77335eb59e7,10-20,M06,14.43,True,True,True,0.0
303,fa4fe83161caa77335eb59e7,20-40,M14,29.36,True,True,True,0.0
304,18c5d30cfe53fd9b8fe0bc36,2-5,M17,8.08,False,False,False,0.3700000000000001
304,18c5d30cfe53fd9b8fe0bc36,5-10,M17,8.08,True,True,True,0.0
304,18c5d30cfe53fd9b8fe0bc36,10-20,M25,14.07,True,True,True,0.0
304,18c5d30cfe53fd9b8fe0bc36,20-40,M14,28.26,True,True,True,0.0
306,f295586a0be60255fdd0f3df,2-5,M17,8.35,False,False,False,0.5999999999999996
306,f295586a0be60255fdd0f3df,5-10,M01,7.75,True,True,True,0.0
306,f295586a0be60255fdd0f3df,10-20,M07,17.38,True,True,True,0.0
306,f295586a0be60255fdd0f3df,20-40,M15,32.96,True,True,True,0.0
307,e6de4d7bee014e4d0e9cdaa1,2-5,M17,7.31,False,False,False,0.15999999999999925
307,e6de4d7bee014e4d0e9cdaa1,5-10,M17,7.31,True,True,True,0.0
307,e6de4d7bee014e4d0e9cdaa1,10-20,M06,12.73,True,True,True,0.0
307,e6de4d7bee014e4d0e9cdaa1,20-40,M14,23.95,True,True,True,0.0
309,fdc350f6670042f7c9d6d8fb,2-5,M17,7.5,False,False,False,0.09999999999999964
309,fdc350f6670042f7c9d6d8fb,5-10,M03,10.7,False,True,True,0.6999999999999993
309,fdc350f6670042f7c9d6d8fb,10-20,M14,25.7,False,False,True,5.699999999999999
309,fdc350f6670042f7c9d6d8fb,20-40,M16,57.77,False,True,True,17.770000000000003
312,f6706e821cf953202aa4b547,2-5,M17,8.23,False,False,False,0.6300000000000008
312,f6706e821cf953202aa4b547,5-10,M19,9.0,True,True,True,0.0
312,f6706e821cf953202aa4b547,10-20,M28,12.27,True,True,True,0.0
312,f6706e821cf953202aa4b547,20-40,M13,31.01,True,True,True,0.0
313,38f5ab75bc43f62a70b6c62f,2-5,M17,8.68,False,False,False,0.8399999999999999
313,38f5ab75bc43f62a70b6c62f,5-10,M17,8.68,True,True,True,0.0
313,38f5ab75bc43f62a70b6c62f,10-20,M26,14.15,True,True,True,0.0
313,38f5ab75bc43f62a70b6c62f,20-40,M24,26.86,True,True,True,0.0
314,ba56fb1d6cf7f9574ee506e9,2-5,M17,4.34,True,True,True,0.0
314,ba56fb1d6cf7f9574ee506e9,5-10,M17,4.34,False,True,True,0.6600000000000001
314,ba56fb1d6cf7f9574ee506e9,10-20,M06,7.32,False,True,True,2.6799999999999997
314,ba56fb1d6cf7f9574ee506e9,20-40,M24,10.5,False,False,True,9.5
316,7b5da74713d6434883aea4ee,2-5,M17,6.93,False,False,False,0.8199999999999994
316,7b5da74713d6434883aea4ee,5-10,M17,6.93,True,True,True,0.0
316,7b5da74713d6434883aea4ee,10-20,M06,12.12,True,True,True,0.0
316,7b5da74713d6434883aea4ee,20-40,M12,25.42,True,True,True,0.0
317,31889a52aaae5d9d746527d9,2-5,M17,8.87,False,False,False,1.0299999999999994
317,31889a52aaae5d9d746527d9,5-10,M17,8.87,True,True,True,0.0
317,31889a52aaae5d9d746527d9,10-20,M06,15.02,True,True,True,0.0
317,31889a52aaae5d9d746527d9,20-40,M14,30.81,True,True,True,0.0
320,ef8a15c0d2220d2839b1ab33,2-5,M17,8.86,False,False,False,0.8899999999999997
320,ef8a15c0d2220d2839b1ab33,5-10,M17,8.86,True,True,True,0.0
320,ef8a15c0d2220d2839b1ab33,10-20,M26,14.4,True,True,True,0.0
320,ef8a15c0d2220d2839b1ab33,20-40,M24,33.65,True,True,True,0.0
321,1380bc3c592cb520da597f09,2-5,M17,9.26,False,False,False,0.41000000000000014
321,1380bc3c592cb520da597f09,5-10,M17,9.26,True,True,True,0.0
321,1380bc3c592cb520da597f09,10-20,M26,15.32,True,True,True,0.0
321,1380bc3c592cb520da597f09,20-40,M24,31.15,True,True,True,0.0
322,14812f6f91f22e7ecc6c321a,2-5,M17,6.37,False,False,False,1.0899999999999999
322,14812f6f91f22e7ecc6c321a,5-10,M30,8.82,True,True,True,0.0
322,14812f6f91f22e7ecc6c321a,10-20,M14,19.55,True,True,True,0.0
322,14812f6f91f22e7ecc6c321a,20-40,M16,50.5,False,True,True,10.5
323,0875c4610309c2d8522eaa6d,2-5,M17,8.12,False,False,False,0.2699999999999996
323,0875c4610309c2d8522eaa6d,5-10,M17,8.12,True,True,True,0.0
323,0875c4610309c2d8522eaa6d,10-20,M25,15.15,True,True,True,0.0
323,0875c4610309c2d8522eaa6d,20-40,M14,28.36,True,True,True,0.0
325,b8393da9715f408e65c6f2e3,2-5,M17,9.03,False,False,False,0.9299999999999997
325,b8393da9715f408e65c6f2e3,5-10,M17,9.03,True,True,True,0.0
325,b8393da9715f408e65c6f2e3,10-20,M20,17.89,True,True,True,0.0
325,b8393da9715f408e65c6f2e3,20-40,M23,27.5,True,True,True,0.0
326,9140024943d858a024a6c938,2-5,M17,7.97,False,False,False,0.21999999999999975
326,9140024943d858a024a6c938,5-10,M17,7.97,True,True,True,0.0
326,9140024943d858a024a6c938,10-20,M25,14.99,True,True,True,0.0
326,9140024943d858a024a6c938,20-40,M12,29.98,True,True,True,0.0
328,f23a727fbe1c6f18cb88859c,2-5,M17,6.34,False,False,False,0.9900000000000002
328,f23a727fbe1c6f18cb88859c,5-10,M18,8.54,True,True,True,0.0
328,f23a727fbe1c6f18cb88859c,10-20,M10,17.29,True,True,True,0.0
328,f23a727fbe1c6f18cb88859c,20-40,M15,21.59,True,True,True,0.0
330,941763538c16ab57ad9d0f47,2-5,M17,5.13,False,True,True,0.1299999999999999
330,941763538c16ab57ad9d0f47,5-10,M19,4.91,False,True,True,0.08999999999999986
330,941763538c16ab57ad9d0f47,10-20,M22,9.57,False,True,True,0.4299999999999997
330,941763538c16ab57ad9d0f47,20-40,M13,16.12,False,False,True,3.879999999999999
331,acb7f133587b4d087f763ec9,2-5,M17,10.21,False,False,False,1.2300000000000004
331,acb7f133587b4d087f763ec9,5-10,M17,10.21,False,True,True,0.21000000000000085
331,acb7f133587b4d087f763ec9,10-20,M25,15.85,True,True,True,0.0
331,acb7f133587b4d087f763ec9,20-40,M14,35.83,True,True,True,0.0
332,a8fee72d826a954e87bca6f7,2-5,M17,8.92,False,False,False,0.5500000000000007
332,a8fee72d826a954e87bca6f7,5-10,M17,8.92,True,True,True,0.0
332,a8fee72d826a954e87bca6f7,10-20,M20,14.69,True,True,True,0.0
332,a8fee72d826a954e87bca6f7,20-40,M22,29.4,True,True,True,0.0
333,14b53177e66a60df70f283c4,2-5,M17,7.56,False,False,False,1.67
333,14b53177e66a60df70f283c4,5-10,M21,6.18,True,True,True,0.0
333,14b53177e66a60df70f283c4,10-20,M09,18.08,True,True,True,0.0
333,14b53177e66a60df70f283c4,20-40,M13,27.0,True,True,True,0.0
336,9a7a2dc286dfaeb87974f4bc,2-5,M17,5.57,False,False,False,0.54
336,9a7a2dc286dfaeb87974f4bc,5-10,M17,5.57,True,True,True,0.0
336,9a7a2dc286dfaeb87974f4bc,10-20,M07,9.55,False,True,True,0.4499999999999993
336,9a7a2dc286dfaeb87974f4bc,20-40,M13,18.28,False,False,False,1.0700000000000003
337,7774acbf550d6a1275a6d824,2-5,M17,8.87,False,False,False,0.16999999999999993
337,7774acbf550d6a1275a6d824,5-10,M17,8.87,True,True,True,0.0
337,7774acbf550d6a1275a6d824,10-20,M26,15.32,True,True,True,0.0
337,7774acbf550d6a1275a6d824,20-40,M22,30.57,True,True,True,0.0
338,670fa9eb64d871d2ddb202e3,2-5,M17,6.24,False,False,False,0.79
338,670fa9eb64d871d2ddb202e3,5-10,M17,6.24,True,True,True,0.0
338,670fa9eb64d871d2ddb202e3,10-20,M25,14.16,True,True,True,0.0
338,670fa9eb64d871d2ddb202e3,20-40,M13,22.06,True,True,True,0.0
339,93316b96717ed8f0b461c8fc,2-5,M17,9.47,False,False,False,0.15000000000000036
339,93316b96717ed8f0b461c8fc,5-10,M17,9.47,True,True,True,0.0
339,93316b96717ed8f0b461c8fc,10-20,M20,14.87,True,True,True,0.0
339,93316b96717ed8f0b461c8fc,20-40,M23,29.86,True,True,True,0.0
340,252e47c2ee331e80cc378cb2,2-5,M17,9.88,False,False,False,0.2400000000000002
340,252e47c2ee331e80cc378cb2,5-10,M02,12.68,False,False,True,2.6799999999999997
340,252e47c2ee331e80cc378cb2,10-20,M10,26.84,False,False,True,6.84
340,252e47c2ee331e80cc378cb2,20-40,M12,39.23,True,True,True,0.0
341,fd86179619e5229f724d31d3,2-5,M17,2.89,True,True,True,0.0
341,fd86179619e5229f724d31d3,5-10,M17,2.89,False,False,True,2.11
341,fd86179619e5229f724d31d3,10-20,M30,5.03,False,False,True,4.97
341,fd86179619e5229f724d31d3,20-40,M14,7.85,False,False,False,11.770000000000001
342,6b29c617174b313bf63cc277,2-5,M17,2.32,True,True,True,0.0
342,6b29c617174b313bf63cc277,5-10,M17,2.32,False,False,True,2.68
342,6b29c617174b313bf63cc277,10-20,M25,7.65,False,False,True,2.3499999999999996
342,6b29c617174b313bf63cc277,20-40,M15,6.67,False,False,False,6.300000000000001
